category,sub_category,title,description,price,image_url
Điện thoại,Iphone,iPhone 15 Pro Max,"Chip Apple A17 Pro 6 nhân | RAM: 8 GB | Dung lượng: 256 GB | Camera sau: Chính 48 MP & Phụ 12 MP, 12 MP | Camera trước: 12 MP | Pin 4422 mAh,  Sạc 20 W",29.590.000,https://cdn.tgdd.vn/Products/Images/42/305658/iphone-15-pro-max-blue-thumbnew-600x600.jpg
Điện thoại,Iphone,iPhone 13,"Chip Apple A15 Bionic | RAM: 4 GB | Dung lượng: 128 GB | Camera sau: 2 camera 12 MP | Camera trước: 12 MP | Pin 3240 mAh,  Sạc 20 W",13.690.000,https://cdn.tgdd.vn/Products/Images/42/223602/iphone-13-xanh-la-thumb-new-600x600.jpg
Điện thoại,Iphone,iPhone 15 Pro,"Chip Apple A17 Pro 6 nhân | RAM: 8 GB | Dung lượng: 128 GB | Camera sau: Chính 48 MP & Phụ 12 MP, 12 MP | Camera trước: 12 MP | Pin 3274 mAh,  Sạc 20 W",24.590.000,https://cdn.tgdd.vn/Products/Images/42/299033/iphone-15-pro-white-thumbnew-600x600.jpg
Điện thoại,Iphone,iPhone 15 Plus,"Chip Apple A16 Bionic | RAM: 6 GB | Dung lượng: 128 GB | Camera sau: Chính 48 MP & Phụ 12 MP | Camera trước: 12 MP | Pin 4383 mAh,  Sạc 20 W",22.190.000,https://cdn.tgdd.vn/Products/Images/42/303891/iphone-15-plus-hong-128gb-thumb-600x600.jpg
Điện thoại,Iphone,iPhone 15,"Chip Apple A16 Bionic | RAM: 6 GB | Dung lượng: 128 GB | Camera sau: Chính 48 MP & Phụ 12 MP | Camera trước: 12 MP | Pin 3349 mAh,  Sạc 20 W",18.990.000,https://cdn.tgdd.vn/Products/Images/42/281570/iphone-15-hong-thumb-1-600x600.jpg
Điện thoại,Iphone,iPhone 11,"Chip Apple A13 Bionic | RAM: 4 GB | Dung lượng: 64 GB | Camera sau: 2 camera 12 MP | Camera trước: 12 MP | Pin 3110 mAh,  Sạc 18 W",8.690.000,https://cdn.tgdd.vn/Products/Images/42/153856/iphone-11-trang-600x600.jpg
Điện thoại,Iphone,iPhone 12,"Chip Apple A14 Bionic | RAM: 4 GB | Dung lượng: 64 GB | Camera sau: 2 camera 12 MP | Camera trước: 12 MP | Pin 2815 mAh,  Sạc 20 W",11.590.000,https://cdn.tgdd.vn/Products/Images/42/213031/iphone-12-trang-13-600x600.jpg
Điện thoại,Iphone,iPhone 14 Pro Max,"Chip Apple A16 Bionic | RAM: 6 GB | Dung lượng: 128 GB | Camera sau: Chính 48 MP & Phụ 12 MP, 12 MP | Camera trước: 12 MP | Pin 4323 mAh,  Sạc 20 W",26.990.000,https://cdn.tgdd.vn/Products/Images/42/251192/iphone-14-pro-max-tim-thumb-600x600.jpg
Điện thoại,Iphone,iPhone 14 Plus,"Chip Apple A15 Bionic | RAM: 6 GB | Dung lượng: 128 GB | Camera sau: 2 camera 12 MP | Camera trước: 12 MP | Pin 4325 mAh,  Sạc 20 W",19.390.000,https://cdn.tgdd.vn/Products/Images/42/245545/iPhone-14-plus-thumb-xanh-1-600x600.jpg
Điện thoại,Iphone,iPhone 14,"Chip Apple A15 Bionic | RAM: 6 GB | Dung lượng: 128 GB | Camera sau: 2 camera 12 MP | Camera trước: 12 MP | Pin 3279 mAh,  Sạc 20 W",16.490.000,https://cdn.tgdd.vn/Products/Images/42/240259/iPhone-14-thumb-tim-1-600x600.jpg
Điện thoại,Samsung,Samsung Galaxy S23 Ultra 5G,"Chip Snapdragon 8 Gen 2 for Galaxy | RAM: 8 GB | Dung lượng: 256 GB | Camera sau: Chính 200 MP & Phụ 12 MP, 10 MP, 10 MP | Camera trước: 12 MP | Pin 5000 mAh,  Sạc 45 W",21.990.000,https://cdn.tgdd.vn/Products/Images/42/249948/samsung-galaxy-s23-ultra-green-thumbnew-600x600.jpg
Điện thoại,Samsung,Samsung Galaxy A55 5G,"Chip Exynos 1480 8 nhân | RAM: 12 GB | Dung lượng: 256 GB | Camera sau: Chính 50 MP & Phụ 12 MP, 5 MP | Camera trước: 32 MP | Pin 5000 mAh,  Sạc 25 W",11.490.000,https://cdn.tgdd.vn/Products/Images/42/322096/samsung-galaxy-a55-5g-xanh-thumb-1-600x600.jpg
Điện thoại,Samsung,Samsung Galaxy M54 5G,"Chip Exynos 1380 8 nhân | RAM: 8 GB | Dung lượng: 256 GB | Camera sau: Chính 108 MP & Phụ 8 MP, 2 MP | Camera trước: 32 MP | Pin 6000 mAh,  Sạc 25 W",8.990.000,https://cdn.tgdd.vn/Products/Images/42/275953/samsung-galaxy-m54-bac-thumb-600x600.jpg
Điện thoại,Samsung,Samsung Galaxy S23 FE 5G,"Chip Exynos 2200 8 nhân | RAM: 8 GB | Dung lượng: 128 GB | Camera sau: Chính 50 MP & Phụ 12 MP, 8 MP | Camera trước: 10 MP | Pin 4500 mAh,  Sạc 25 W",11.890.000,https://cdn.tgdd.vn/Products/Images/42/306994/samsung-galaxy-s23-fe-mint-thumbnew-600x600.jpg
Điện thoại,Samsung,Samsung Galaxy A35 5G,"Chip Exynos 1380 8 nhân | RAM: 8 GB | Dung lượng: 256 GB | Camera sau: Chính 50 MP & Phụ 8 MP, 5 MP | Camera trước: 13 MP | Pin 5000 mAh,  Sạc 25 W",8.790.000,https://cdn.tgdd.vn/Products/Images/42/321772/samsung-galaxy-a35-5g-xanh-thumb-1-600x600.jpg
Điện thoại,Samsung,Samsung Galaxy S24 Ultra 5G,"Chip Snapdragon 8 Gen 3 for Galaxy | RAM: 12 GB | Dung lượng: 256 GB | Camera sau: Chính 200 MP & Phụ 50 MP, 12 MP, 10 MP | Camera trước: 12 MP | Pin 5000 mAh,  Sạc 45 W",26.490.000,https://cdn.tgdd.vn/Products/Images/42/307174/samsung-galaxy-s24-ultra-grey-thumb-600x600.jpg
Điện thoại,Samsung,Samsung Galaxy S24 5G,"Chip Exynos 2400 | RAM: 8 GB | Dung lượng: 256 GB | Camera sau: Chính 50 MP & Phụ 12 MP, 10 MP | Camera trước: 12 MP | Pin 4000 mAh,  Sạc 25 W",19.790.000,https://cdn.tgdd.vn/Products/Images/42/319665/samsung-galaxy-s24-yellow-thumb-600x600.png
Điện thoại,Samsung,Samsung Galaxy S24+ 5G,"Chip Exynos 2400 | RAM: 12 GB | Dung lượng: 256 GB | Camera sau: Chính 50 MP & Phụ 12 MP, 10 MP | Camera trước: 12 MP | Pin 4900 mAh,  Sạc 45 W",20.490.000,https://cdn.tgdd.vn/Products/Images/42/307172/samsung-galaxy-s24-plus-violet-thumb-600x600.jpg
Điện thoại,Samsung,Samsung Galaxy A25 5G,"Chip Exynos 1280 | RAM: 8 GB | Dung lượng: 128 GB | Camera sau: Chính 50 MP & Phụ 8 MP, 2 MP | Camera trước: 13 MP | Pin 5000 mAh,  Sạc 25 W",6.690.000,https://cdn.tgdd.vn/Products/Images/42/319904/samsung-galaxy-a25-5g-xanh-duong-thumb-600x600.jpg
Điện thoại,Samsung,Samsung Galaxy A15 5G,"Chip MediaTek Dimensity 6100+ | RAM: 8 GB | Dung lượng: 256 GB | Camera sau: Chính 50 MP & Phụ 5 MP, 2 MP | Camera trước: 13 MP | Pin 5000 mAh,  Sạc 25 W",5.990.000,https://cdn.tgdd.vn/Products/Images/42/319584/samsung-galaxy-a15-5g-xanh-duong-dam-thumb-600x600.jpg
Điện thoại,Samsung,Samsung Galaxy Z Fold5 5G,"Chip Snapdragon 8 Gen 2 for Galaxy | RAM: 12 GB | Dung lượng: 256 GB | Camera sau: Chính 50 MP & Phụ 12 MP, 10 MP | Camera trước: 10 MP & 4 MP | Pin 4400 mAh,  Sạc 25 W",31.990.000,https://cdn.tgdd.vn/Products/Images/42/301608/samsung-galaxy-z-fold5-blue-thumbnew-600x600.jpg
Điện thoại,Samsung,Samsung Galaxy Z Flip5 5G,"Chip Snapdragon 8 Gen 2 for Galaxy | RAM: 8 GB | Dung lượng: 256 GB | Camera sau: 2 camera 12 MP | Camera trước: 10 MP | Pin 3700 mAh,  Sạc 25 W",18.790.000,https://cdn.tgdd.vn/Products/Images/42/299250/samsung-galaxy-z-flip5-mint-thumbnew-600x600.jpg
Điện thoại,Samsung,Samsung Galaxy S23 FE 5G 256GB,"Chip Exynos 2200 8 nhân | RAM: 8 GB | Dung lượng: 256 GB | Camera sau: Chính 50 MP & Phụ 12 MP, 8 MP | Camera trước: 10 MP | Pin 4500 mAh,  Sạc 25 W",14.890.000,https://cdn.tgdd.vn/Products/Images/42/323459/samsung-galaxy-s23-fe-tim-thumbnew-600x600.jpg
Điện thoại,Samsung,Samsung Galaxy A54 5G 128GB,"Chip Exynos 1380 8 nhân | RAM: 8 GB | Dung lượng: 128 GB | Camera sau: Chính 50 MP & Phụ 12 MP, 5 MP | Camera trước: 32 MP | Pin 5000 mAh,  Sạc 25 W",9.390.000,https://cdn.tgdd.vn/Products/Images/42/303585/samsung-galaxy-a54-5g-xanh-la-ma-thumb-600x600.jpg
Điện thoại,Samsung,Samsung Galaxy A34 5G 256GB,"Chip MediaTek Dimensity 1080 8 nhân | RAM: 8 GB | Dung lượng: 256 GB | Camera sau: Chính 48 MP & Phụ 8 MP, 5 MP | Camera trước: 13 MP | Pin 5000 mAh,  Sạc 25 W",8.290.000,https://cdn.tgdd.vn/Products/Images/42/298377/samsung-galaxy-a34-5g-bac-thumb-1-600x600.jpg
Điện thoại,Samsung,Samsung Galaxy M34 5G,"Chip Exynos 1280 | RAM: 8 GB | Dung lượng: 128 GB | Camera sau: Chính 50 MP & Phụ 8 MP, 2 MP | Camera trước: 13 MP | Pin 6000 mAh,  Sạc 25 W",5.590.000,https://cdn.tgdd.vn/Products/Images/42/309834/samsung-galaxy-m34-5g-den-600x600.jpg
Điện thoại,Samsung,Samsung Galaxy A15,"Chip MediaTek Helio G99 | RAM: 8 GB | Dung lượng: 256 GB | Camera sau: Chính 50 MP & Phụ 5 MP, 2 MP | Camera trước: 13 MP | Pin 5000 mAh,  Sạc 25 W",4.990.000,https://cdn.tgdd.vn/Products/Images/42/316075/thumb-xanh-duong-4g-600x600.jpg
Điện thoại,Samsung,Samsung Galaxy M15 5G 6GB,"Chip MediaTek Dimensity 6100+ | RAM: 6 GB | Dung lượng: 128 GB | Camera sau: Chính 50 MP & Phụ 5 MP, 2 MP | Camera trước: 13 MP | Pin 6000 mAh,  Sạc 25 W",4.990.000,https://cdn.tgdd.vn/Products/Images/42/320964/samsung-galaxy-m15-5g-blue-thumb-600x600.jpg
Điện thoại,Samsung,Samsung Galaxy A24,"Chip MediaTek Helio G99 | RAM: 6 GB | Dung lượng: 128 GB | Camera sau: Chính 50 MP & Phụ 5 MP, 2 MP | Camera trước: 13 MP | Pin 5000 mAh,  Sạc 25 W",4.590.000,https://cdn.tgdd.vn/Products/Images/42/274018/samsung-galaxy-a24-black-thumb-600x600.jpg
Điện thoại,Samsung,Samsung Galaxy A14 5G,"Chip MediaTek Dimensity 700 | RAM: 4 GB | Dung lượng: 128 GB | Camera sau: Chính 50 MP & Phụ 2 MP, 2 MP | Camera trước: 13 MP | Pin 5000 mAh,  Sạc 15 W",3.790.000,https://cdn.tgdd.vn/Products/Images/42/271721/samsung-galaxy-a14-5g-thumb-nau-600x600.jpg
Điện thoại,Oppo,OPPO Reno11 F 5G,"Chip MediaTek Dimensity 7050 5G 8 nhân | RAM: 8 GB | Dung lượng: 256 GB | Camera sau: Chính 64 MP & Phụ 8 MP, 2 MP | Camera trước: 32 MP | Pin 5000 mAh,  Sạc 67 W",8.990.000,https://cdn.tgdd.vn/Products/Images/42/321895/oppo-reno11-f-purple-thumb-600x600.jpg
Điện thoại,Oppo,OPPO A58,"Chip MediaTek Helio G85 | RAM: 8 GB | Dung lượng: 128 GB | Camera sau: Chính 50 MP & Phụ 2 MP | Camera trước: 8 MP | Pin 5000 mAh,  Sạc 33 W",5.990.000,https://cdn.tgdd.vn/Products/Images/42/311354/oppo-a58-4g-green-thumb-600x600.jpg
Điện thoại,Oppo,OPPO A18,"Chip MediaTek Helio G85 | RAM: 4 GB | Dung lượng: 64 GB | Camera sau: Chính 8 MP & Phụ 2 MP | Camera trước: 5 MP | Pin 5000 mAh,  Sạc 10 W",3.290.000,https://cdn.tgdd.vn/Products/Images/42/313153/oppo-a18-xanh-thumb-1-2-3-600x600.jpg
Điện thoại,Oppo,OPPO Reno11 5G,"Chip MediaTek Dimensity 7050 5G 8 nhân | RAM: 8 GB | Dung lượng: 256 GB | Camera sau: Chính 50 MP & Phụ 32 MP, 8 MP | Camera trước: 32 MP | Pin 5000 mAh,  Sạc 67 W",10.990.000,https://cdn.tgdd.vn/Products/Images/42/314209/oppo-reno-11-xanh-thumb-600x600.jpg
Điện thoại,Oppo,OPPO A38,"Chip MediaTek Helio G85 | RAM: 6 GB | Dung lượng: 128 GB | Camera sau: Chính 50 MP & Phụ 2 MP | Camera trước: 5 MP | Pin 5000 mAh,  Sạc 33 W",4.490.000,https://cdn.tgdd.vn/Products/Images/42/320836/oppo-a38-black-thumb-600x600.jpg
Điện thoại,Oppo,OPPO Reno11 Pro 5G,"Chip MediaTek Dimensity 8200 5G 8 nhân | RAM: 12 GB | Dung lượng: 512 GB | Camera sau: Chính 50 MP & Phụ 32 MP, 8 MP | Camera trước: 32 MP | Pin 4600 mAh,  Sạc 80 W",16.990.000,https://cdn.tgdd.vn/Products/Images/42/314210/oppo-reno-11-pro-xam-thumb-600x600.jpg
Điện thoại,Oppo,OPPO Reno10 5G,"Chip MediaTek Dimensity 7050 5G 8 nhân | RAM: 8 GB | Dung lượng: 256 GB | Camera sau: Chính 64 MP & Phụ 32 MP, 8 MP | Camera trước: 32 MP | Pin 5000 mAh,  Sạc 67 W",8.990.000,https://cdn.tgdd.vn/Products/Images/42/305695/oppo-reno10-blue-thumbnew-600x600.jpg
Điện thoại,Oppo,OPPO Reno10 Pro 5G,"Chip Snapdragon 778G 5G | RAM: 12 GB | Dung lượng: 256 GB | Camera sau: Chính 50 MP & Phụ 32 MP, 8 MP | Camera trước: 32 MP | Pin 4600 mAh,  Sạc 80 W",12.990.000,https://cdn.tgdd.vn/Products/Images/42/306979/oppo-reno10-pro-grey-thumbnew-600x600.jpg
Điện thoại,Oppo,OPPO Reno10 Pro+ 5G,"Chip Snapdragon 8+ Gen 1 | RAM: 12 GB | Dung lượng: 256 GB | Camera sau: Chính 50 MP & Phụ 64 MP, 8 MP | Camera trước: 32 MP | Pin 4700 mAh,  Sạc 100 W",18.490.000,https://cdn.tgdd.vn/Products/Images/42/306980/oppo-reno10-pro-plus-xam-thumbnew-600x600.jpg
Điện thoại,Oppo,OPPO Reno8 T,"Chip MediaTek Helio G99 | RAM: 8 GB | Dung lượng: 256 GB | Camera sau: Chính 100 MP & Phụ 2 MP, 2 MP | Camera trước: 32 MP | Pin 5000 mAh,  Sạc 33 W",6.790.000,https://cdn.tgdd.vn/Products/Images/42/299248/oppo-reno8t-4g-cam1-thumb-600x600.jpg
Điện thoại,Oppo,OPPO Find N3 5G,"Chip Snapdragon 8 Gen 2 8 nhân | RAM: 16 GB | Dung lượng: 512 GB | Camera sau: Chính 48 MP & Phụ 48 MP, 64 MP | Camera trước: Trong: 20 MP & Ngoài: 32 MP | Pin 4805 mAh,  Sạc 67 W",41.990.000,https://cdn.tgdd.vn/Products/Images/42/302953/oppo-find-n3-vang-dong-thumb-600x600.jpg
Điện thoại,Oppo,OPPO Find N3 Flip 5G,"Chip MediaTek Dimensity 9200 5G 8 nhân | RAM: 12 GB | Dung lượng: 256 GB | Camera sau: Chính 50 MP & Phụ 48 MP, 32 MP | Camera trước: 32 MP | Pin 4300 mAh,  Sạc 44 W",22.990.000,https://cdn.tgdd.vn/Products/Images/42/317981/oppo-find-n3-flip-pink-thumb-600x600.jpeg
Điện thoại,Oppo,OPPO Find N2 Flip 5G,"Chip MediaTek Dimensity 9000+ 8 nhân | RAM: 8 GB | Dung lượng: 256 GB | Camera sau: Chính 50 MP & Phụ 8 MP | Camera trước: 32 MP | Pin 4300 mAh,  Sạc 44 W",18.990.000,https://cdn.tgdd.vn/Products/Images/42/299034/oppo-n2-flip-den-thumb-600x600.jpg
Điện thoại,Oppo,OPPO Reno8 T 5G 128GB,"Chip Snapdragon 695 5G | RAM: 8 GB | Dung lượng: 128 GB | Camera sau: Chính 108 MP & Phụ 2 MP, 2 MP | Camera trước: 32 MP | Pin 4800 mAh,  Sạc 67 W",8.990.000,https://cdn.tgdd.vn/Products/Images/42/301641/oppo-reno8t-den1-thumb-600x600.jpg
Điện thoại,Oppo,OPPO A98 5G,"Chip Snapdragon 695 5G | RAM: 8 GB | Dung lượng: 256 GB | Camera sau: Chính 64 MP & Phụ 2 MP, 2 MP | Camera trước: 32 MP | Pin 5000 mAh,  Sạc 67 W",7.990.000,https://cdn.tgdd.vn/Products/Images/42/307891/oppo-a98-5g-xanh-thumb-1-2-600x600.jpg
Điện thoại,Oppo,OPPO A79 5G,"Chip MediaTek Dimensity 6020 5G 8 nhân | RAM: 8 GB | Dung lượng: 256 GB | Camera sau: Chính 50 MP & Phụ 2 MP | Camera trước: 8 MP | Pin 5000 mAh,  Sạc 33 W",7.990.000,https://cdn.tgdd.vn/Products/Images/42/316776/oppo-a79-5g-tim-thumb-1-2-600x600.jpg
Điện thoại,Oppo,OPPO A78,"Chip Snapdragon 680 | RAM: 8 GB | Dung lượng: 256 GB | Camera sau: Chính 50 MP & Phụ 2 MP | Camera trước: 8 MP | Pin 5000 mAh,  Sạc 67 W",6.990.000,https://cdn.tgdd.vn/Products/Images/42/309847/oppo-a78-xanh-thumb-1-600x600.jpg
Điện thoại,Oppo,OPPO A60,"Chip Snapdragon 680 | RAM: 8 GB | Dung lượng: 128 GB | Camera sau: Chính 50 MP & Phụ 2 MP | Camera trước: 8 MP | Pin 5000 mAh,  Sạc 45 W",5.490.000,https://cdn.tgdd.vn/Products/Images/42/323543/oppo-a60-blue-thumb-600x600.jpg
Điện thoại,Oppo,OPPO A17K,"Chip MediaTek Helio G35 | RAM: 3 GB | Dung lượng: 64 GB | Camera sau: 8 MP | Camera trước: 5 MP | Pin 5000 mAh,  Sạc 10 W",2.790.000,https://cdn.tgdd.vn/Products/Images/42/288404/oppo-a17k-vang-thumb-ă-600x600.jpg
Điện thoại,Xiaomi,Xiaomi Redmi Note 13,"Chip Snapdragon 685 8 nhân | RAM: 8 GB | Dung lượng: 128 GB | Camera sau: Chính 108 MP & Phụ 8 MP, 2 MP | Camera trước: 16 MP | Pin 5000 mAh,  Sạc 33 W",4.990.000,https://cdn.tgdd.vn/Products/Images/42/309831/xiaomi-redmi-note-13-gold-thumb-600x600.jpg
Điện thoại,Xiaomi,Xiaomi Redmi Note 13 Pro,"Chip MediaTek Helio G99-Ultra 8 nhân | RAM: 8 GB | Dung lượng: 128 GB | Camera sau: Chính 200 MP & Phụ 8 MP, 2 MP | Camera trước: 16 MP | Pin 5000 mAh,  Sạc 67 W",6.290.000,https://cdn.tgdd.vn/Products/Images/42/314206/xiaomi-redmi-note-13-green-thumb-600x600.jpg
Điện thoại,Xiaomi,Xiaomi Redmi 13C,"Chip MediaTek Helio G85 | RAM: 4 GB | Dung lượng: 128 GB | Camera sau: Chính 50 MP & Phụ 2 MP | Camera trước: 8 MP | Pin 5000 mAh,  Sạc 18 W",2.890.000,https://cdn.tgdd.vn/Products/Images/42/316771/xiaomi-redmi-13c-xanh-la-1-2-3-600x600.jpg
Điện thoại,Xiaomi,Xiaomi Redmi 12,"Chip MediaTek Helio G88 | RAM: 4 GB | Dung lượng: 128 GB | Camera sau: Chính 50 MP & Phụ 8 MP, 2 MP | Camera trước: 8 MP | Pin 5000 mAh,  Sạc 18 W",3.040.000,https://cdn.tgdd.vn/Products/Images/42/307556/xiaomi-redmi-12-bac-thumb-(1)-600x600.jpg
Điện thoại,Xiaomi,Xiaomi Redmi A3,"Chip MediaTek Helio G36 8 nhân | RAM: 3 GB | Dung lượng: 64 GB | Camera sau: Chính 8 MP & Phụ 0.08 MP | Camera trước: 5 MP | Pin 5000 mAh,  Sạc 10 W",2.490.000,https://cdn.tgdd.vn/Products/Images/42/320734/xiaomi-redmi-a3-xanh-lá-thumb-600x600.jpg
Điện thoại,Xiaomi,Xiaomi Redmi Note 13 Pro 5G,"Chip Snapdragon 7s Gen 2 8 nhân | RAM: 8 GB | Dung lượng: 256 GB | Camera sau: Chính 200 MP & Phụ 8 MP, 2 MP | Camera trước: 16 MP | Pin 5100 mAh,  Sạc 67 W",8.990.000,https://cdn.tgdd.vn/Products/Images/42/319670/xiaomi-redmi-note-13-pro-5g-violet-thumb-600x600.jpg
Điện thoại,Xiaomi,Xiaomi 14 5G,"Chip Snapdragon 8 Gen 3 8 nhân | RAM: 12 GB | Dung lượng: 512 GB | Camera sau: Chính 50 MP & Phụ 50 MP, 50 MP | Camera trước: 32 MP | Pin 4610 mAh,  Sạc 90 W",21.490.000,https://cdn.tgdd.vn/Products/Images/42/298538/xiaomi-14-green-thumbnew-600x600.jpg
Điện thoại,Xiaomi,Xiaomi 13T Pro 5G,"Chip MediaTek Dimensity 9200+ 5G 8 nhân | RAM: 12 GB | Dung lượng: 256 GB | Camera sau: Chính 50 MP & Phụ 50 MP, 12 MP | Camera trước: 20 MP | Pin 5000 mAh,  Sạc 120 W",13.790.000,https://cdn.tgdd.vn/Products/Images/42/309816/xiaomi-13t-pro-xanh-thumb-600x600.jpg
Điện thoại,Xiaomi,Xiaomi 13T 5G,"Chip MediaTek Dimensity 8200-Ultra | RAM: 8 GB | Dung lượng: 256 GB | Camera sau: Chính 50 MP & Phụ 50 MP, 12 MP | Camera trước: 20 MP | Pin 5000 mAh,  Sạc 67 W",10.990.000,https://cdn.tgdd.vn/Products/Images/42/309814/xiaomi-13-t-xanh-duong-thumb-thumb-600x600.jpg
Điện thoại,Xiaomi,Xiaomi Redmi Note 13 Pro+ 5G,"Chip MediaTek Dimensity 7200 Ultra | RAM: 8 GB | Dung lượng: 256 GB | Camera sau: Chính 200 MP & Phụ 8 MP, 2 MP | Camera trước: 16 MP | Pin 5000 mAh,  Sạc 120 W",9.990.000,https://cdn.tgdd.vn/Products/Images/42/312965/xiaomi-redmi-note-13-pro-plus-black-thumb-600x600.jpg
Điện thoại,Xiaomi,Xiaomi Redmi A2 series,"Chip MediaTek Helio G36 8 nhân | RAM: 3 GB | Dung lượng: 64 GB | Camera sau: Chính 8 MP & Phụ QVGA (248 x 328 Pixels) | Camera trước: 5 MP | Pin 5000 mAh,  Sạc 10 W",1.840.000,https://cdn.tgdd.vn/Products/Images/42/302655/xiaomi-redmi-note-12-plus-xanh-duong-thumb-600x600.jpg
Điện thoại,Vivo,vivo Y100,"Chip Snapdragon 685 8 nhân | RAM: 8 GB | Dung lượng: 256 GB | Camera sau: Chính 50 MP & Phụ 2 MP, Flicker | Camera trước: 8 MP | Pin 5000 mAh,  Sạc 80 W",7.690.000,https://cdn.tgdd.vn/Products/Images/42/302197/vivo-y100-xanh-thumb-1-600x600.jpg
Điện thoại,Vivo,vivo Y36,"Chip Snapdragon 680 | RAM: 8 GB | Dung lượng: 128 GB | Camera sau: Chính 50 MP & Phụ 2 MP | Camera trước: 16 MP | Pin 5000 mAh,  Sạc 44 W",5.040.000,https://cdn.tgdd.vn/Products/Images/42/311120/vivo-y36-xanh-thumbnew-600x600.jpg
Điện thoại,Vivo,vivo Y03,"Chip MediaTek Helio G85 | RAM: 4 GB | Dung lượng: 128 GB | Camera sau: Chính 13 MP & Phụ 0.08 MP | Camera trước: 5 MP | Pin 5000 mAh,  Sạc 15 W",3.290.000,https://cdn.tgdd.vn/Products/Images/42/322996/vivo-y03-xanh-thumb-1-600x600.jpg
Điện thoại,Vivo,vivo Y17s,"Chip MediaTek Helio G85 | RAM: 6 GB | Dung lượng: 128 GB | Camera sau: Chính 50 MP & Phụ 2 MP | Camera trước: 8 MP | Pin 5000 mAh,  Sạc 15 W",3.990.000,https://cdn.tgdd.vn/Products/Images/42/314975/vivo-y17s-thumb-600x600.jpg
Điện thoại,Vivo,vivo V30 5G,"Chip Snapdragon 7 Gen 3 8 nhân | RAM: 12 GB | Dung lượng: 512 GB | Camera sau: Chính 50 MP & Phụ 50 MP | Camera trước: 50 MP | Pin 5000 mAh,  Sạc 80 W",13.990.000,https://cdn.tgdd.vn/Products/Images/42/319214/vivo-v30-xanh-thumb-1-2-600x600.jpg
Điện thoại,Vivo,vivo V29e 5G 12GB,"Chip Snapdragon 695 5G | RAM: 12 GB | Dung lượng: 256 GB | Camera sau: Chính 64 MP & Phụ 8 MP | Camera trước: 50 MP | Pin 4800 mAh,  Sạc 44 W",9.990.000,https://cdn.tgdd.vn/Products/Images/42/309864/vivo-v29e-thumb-600x600.jpg
Điện thoại,Vivo,vivo V30e 5G,"Chip Snapdragon 6 Gen 1 8 nhân | RAM: 12 GB | Dung lượng: 256 GB | Camera sau: Chính 50 MP & Phụ 8 MP | Camera trước: 32 MP | Pin 5500 mAh,  Sạc 44 W",10.190.000,https://cdn.tgdd.vn/Products/Images/42/325136/vivo-v30e-nau-thumb-600x600.jpg
Điện thoại,Vivo,vivo Y18,"Chip MediaTek Helio G85 | RAM: 8 GB | Dung lượng: 128 GB | Camera sau: Chính 50 MP & Phụ 0.08 MP | Camera trước: 8 MP | Pin 5000 mAh,  Sạc 15 W",4.290.000,https://cdn.tgdd.vn/Products/Images/42/325013/vivo-y18-xanh-trang-thumb-600x600.jpg
Điện thoại,Vivo,vivo Y02T,"Chip MediaTek Helio P35 | RAM: 4 GB | Dung lượng: 64 GB | Camera sau: 8 MP | Camera trước: 5 MP | Pin 5000 mAh,  Sạc 10 W",2.790.000,https://cdn.tgdd.vn/Products/Images/42/309723/vivo-y02t-xanh-tim-thumb-600x600.jpg
Điện thoại,Realme,realme C65,"Chip MediaTek Helio G85 | RAM: 8 GB | Dung lượng: 256 GB | Camera sau: Chính 50 MP & Cảm biến Flicker | Camera trước: 8 MP | Pin 5000 mAh,  Sạc 45 W",4.790.000,https://cdn.tgdd.vn/Products/Images/42/323002/realme-c65-thumb-1-600x600.jpg
Điện thoại,Realme,realme Note 50,"Chip Unisoc Tiger T612 | RAM: 3 GB | Dung lượng: 64 GB | Camera sau: Chính 13 MP & Phụ 0.08 MP | Camera trước: 5 MP | Pin 5000 mAh,  Sạc 10 W",2.490.000,https://cdn.tgdd.vn/Products/Images/42/321434/realme-note-50-blue-thumb-600x600.jpg
Điện thoại,Realme,realme C55,"Chip MediaTek Helio G88 | RAM: 6 GB | Dung lượng: 128 GB | Camera sau: Chính 64 MP & Phụ 2 MP | Camera trước: 8 MP | Pin 5000 mAh,  Sạc 33 W",3.990.000,https://cdn.tgdd.vn/Products/Images/42/301603/realme-c35-vang-thumb-600x600.jpg
Điện thoại,Realme,realme C67,"Chip Snapdragon 685 8 nhân | RAM: 8 GB | Dung lượng: 128 GB | Camera sau: Chính 108 MP & Phụ 2 MP | Camera trước: 8 MP | Pin 5000 mAh,  Sạc 33 W",4.990.000,https://cdn.tgdd.vn/Products/Images/42/319658/realme-c67-xanh-thumb-600x600.jpg
Điện thoại,Realme,realme 11,"Chip MediaTek Helio G99 | RAM: 8 GB | Dung lượng: 256 GB | Camera sau: Chính 108 MP & Phụ 2 MP | Camera trước: 16 MP | Pin 5000 mAh,  Sạc 67 W",7.490.000,https://cdn.tgdd.vn/Products/Images/42/304162/realme-11-vang-thumb-1-600x600.jpg
Điện thoại,Realme,realme C53,"Chip Unisoc Tiger T612 | RAM: 6 GB | Dung lượng: 128 GB | Camera sau: Chính 50 MP & Phụ 0.08 MP | Camera trước: 8 MP | Pin 5000 mAh,  Sạc 33 W",4.290.000,https://cdn.tgdd.vn/Products/Images/42/306785/realme-c53-gold-thumb-1-600x600.jpg
Điện thoại,Realme,realme C51,"Chip Unisoc Tiger T612 | RAM: 4 GB | Dung lượng: 64 GB | Camera sau: Chính 50 MP & Phụ 0.3 MP | Camera trước: 5 MP | Pin 5000 mAh,  Sạc 33 W",3.290.000,https://cdn.tgdd.vn/Products/Images/42/311355/realme-c51-xanh-thumbnail-600x600.jpg
Điện thoại,Realme,realme 11 Pro+ 5G,"Chip MediaTek Dimensity 7050 5G 8 nhân | RAM: 12 GB | Dung lượng: 512 GB | Camera sau: Chính 200 MP & Phụ 8 MP, 2 MP | Camera trước: 32 MP | Pin 5000 mAh,  Sạc 100 W",13.490.000,https://cdn.tgdd.vn/Products/Images/42/309821/realme-11-pro-plus-5g-thumb-600x600.jpeg
Điện thoại,Realme,realme C60,"Chip Unisoc Tiger T612 | RAM: 4 GB | Dung lượng: 64 GB | Camera sau: Chính 13 MP & Phụ 0.08 MP | Camera trước: 5 MP | Pin 5000 mAh,  Sạc 10 W",2.790.000,https://cdn.tgdd.vn/Products/Images/42/322919/realme-c60-blue-thumb-600x600.jpg
Máy tính bảng,Ipad,iPad 9 WiFi,"Chip Apple A13 Bionic | RAM 3 GB | Dung lượng 64 GB | Nghe gọi qua FaceTime | Pin 32.4 Wh (~ 8600 mAh),  Sạc 20 W",7.090.000,https://cdn.tgdd.vn/Products/Images/522/247517/iPad-9-wifi-trang-600x600.jpg
Máy tính bảng,Ipad,iPad Air 6 M2 11 inch WiFi,"Chip Apple M2 8 nhân | RAM 8 GB | Dung lượng 128 GB | Nghe gọi qua FaceTime | Pin 28.93 Wh,  Sạc 20 W",16.990.000,https://cdn.tgdd.vn/Products/Images/522/325501/ipad-air-11-inch-m2-wifi-grey-thumb-600x600.jpg
Máy tính bảng,Ipad,iPad Pro M4 11 inch WiFi,"Chip Apple M4 9 nhân | RAM 8 GB | Dung lượng 256 GB | Nghe gọi qua FaceTime | Pin 31.29 Wh,  Sạc 20 W",28.990.000,https://cdn.tgdd.vn/Products/Images/522/325513/ipad-pro-11-inch-m4-wifi-black-thumb-600x600.jpg
Máy tính bảng,Ipad,iPad Air 6 M2 13 inch WiFi,"Chip Apple M2 8 nhân | RAM 8 GB | Dung lượng 128 GB | Nghe gọi qua FaceTime | Pin 36.59 Wh,  Sạc 20 W",22.490.000,https://cdn.tgdd.vn/Products/Images/522/325506/ipad-air-13-inch-m2-wifi-purple-thumb-600x600.jpg
Máy tính bảng,Ipad,iPad Pro M4 13 inch WiFi,"Chip Apple M4 9 nhân | RAM 8 GB | Dung lượng 256 GB | Nghe gọi qua FaceTime | Pin 38.99 Wh,  Sạc 20 W",37.990.000,https://cdn.tgdd.vn/Products/Images/522/325517/ipad-pro-13-inch-m4-wifi-sliver-thumb-600x600.jpg
Máy tính bảng,Ipad,iPad 10 WiFi,"Chip Apple A14 Bionic | RAM 4 GB | Dung lượng 64 GB | Nghe gọi qua FaceTime | Pin 28.6 Wh (~ 7587 mAh),  Sạc 20 W",10.590.000,https://cdn.tgdd.vn/Products/Images/522/294103/iPad-Gen-10-sliver-thumb-600x600.jpg
Máy tính bảng,Ipad,iPad Air 5 M1 Wifi,"Chip Apple M1 | RAM 8 GB | Dung lượng 64 GB | Nghe gọi qua FaceTime | Pin 28.6 Wh (~ 7587 mAh),  Sạc 20 W",14.090.000,https://cdn.tgdd.vn/Products/Images/522/248096/ipad-air-5-wifi-pink-thumb-600x600.jpg
Máy tính bảng,Ipad,iPad Pro M4 13 inch Nano 5G,"Chip Apple M4 10 nhân | RAM 16 GB | Dung lượng 1 TB | 5G, Nghe gọi qua FaceTime | Pin 38.99 Wh,  Sạc 20 W",62.990.000,https://cdn.tgdd.vn/Products/Images/522/325663/ipad-pro-13-inch-m4-nano-lte-sliver-thumb-600x600.jpg
Máy tính bảng,Ipad,iPad Pro M4 13 inch Nano WiFi,"Chip Apple M4 10 nhân | RAM 16 GB | Dung lượng 1 TB | Nghe gọi qua FaceTime | Pin 38.99 Wh,  Sạc 20 W",57.490.000,https://cdn.tgdd.vn/Products/Images/522/325660/ipad-pro-13-inch-m4-nano-wifi-sliver-thumb-600x600.jpg
Máy tính bảng,Ipad,iPad Pro M4 11 inch Nano 5G,"Chip Apple M4 10 nhân | RAM 16 GB | Dung lượng 1 TB | 5G, Nghe gọi qua FaceTime | Pin 31.29 Wh,  Sạc 20 W",53.990.000,https://cdn.tgdd.vn/Products/Images/522/325658/ipad-pro-11-inch-m4-nano-lte-black-thumb-600x600.jpg
Máy tính bảng,Ipad,iPad Pro M4 11 inch Nano WiFi,"Chip Apple M4 10 nhân | RAM 16 GB | Dung lượng 1 TB | Nghe gọi qua FaceTime | Pin 31.29 Wh,  Sạc 20 W",48.490.000,https://cdn.tgdd.vn/Products/Images/522/325656/ipad-pro-11-inch-m4-nano-wifi-black-thumb-600x600.jpg
Máy tính bảng,Ipad,iPad Pro M4 13 inch 5G,"Chip Apple M4 9 nhân | RAM 8 GB | Dung lượng 256 GB | 5G, Nghe gọi qua FaceTime | Pin 38.99 Wh,  Sạc 20 W",43.490.000,https://cdn.tgdd.vn/Products/Images/522/325534/ipad-pro-13-inch-m4-lte-black-thumb-600x600.jpg
Máy tính bảng,Ipad,iPad Pro M4 11 inch 5G,"Chip Apple M4 9 nhân | RAM 8 GB | Dung lượng 256 GB | 5G, Nghe gọi qua FaceTime | Pin 31.29 Wh,  Sạc 20 W",34.490.000,https://cdn.tgdd.vn/Products/Images/522/325529/ipad-pro-11-inch-m4-lte-black-thumb-600x600.jpg
Máy tính bảng,Ipad,iPad Air 6 M2 13 inch 5G,"Chip Apple M2 8 nhân | RAM 8 GB | Dung lượng 128 GB | 5G, Nghe gọi qua FaceTime | Pin 36.59 Wh,  Sạc 20 W",26.490.000,https://cdn.tgdd.vn/Products/Images/522/325525/ipad-air-13-inch-m2-lte-purple-thumb-600x600.jpg
Máy tính bảng,Ipad,iPad Pro M2 11 inch WiFi 128GB,"Chip Apple M2 8 nhân | RAM 8 GB | Dung lượng 128 GB | Nghe gọi qua FaceTime | Pin 28.65 Wh (~ 7538 mAh),  Sạc 20 W",21.790.000,https://cdn.tgdd.vn/Products/Images/522/294104/ipad-pro-m2-11-wifi-xam-thumb-600x600.jpg
Máy tính bảng,Ipad,iPad Air 6 M2 11 inch 5G,"Chip Apple M2 8 nhân | RAM 8 GB | Dung lượng 128 GB | 5G, Nghe gọi qua FaceTime | Pin 28.93 Wh,  Sạc 20 W",20.990.000,https://cdn.tgdd.vn/Products/Images/522/325521/ipad-air-11-inch-m2-lte-grey-thumb-600x600.jpg
Máy tính bảng,Ipad,iPad Air 5 M1 5G,"Chip Apple M1 | RAM 8 GB | Dung lượng 64 GB | 5G, Nghe gọi qua FaceTime | Pin 28.6 Wh (~ 7587 mAh),  Sạc 20 W",17.690.000,https://cdn.tgdd.vn/Products/Images/522/274155/ipad-air-5-wifi-cellular-pink-thumb-600x600.jpg
Máy tính bảng,Ipad,iPad mini 6 5G 64GB,"Chip Apple A15 Bionic | RAM 4 GB | Dung lượng 64 GB | 5G, Nghe gọi qua FaceTime | Pin 19.3 Wh (~ 5175  mAh),  Sạc 20 W",16.090.000,https://cdn.tgdd.vn/Products/Images/522/250734/ipad-mini-6-wifi-cellular-starlight-1-600x600.jpg
Máy tính bảng,Ipad,iPad 10 5G,"Chip Apple A14 Bionic | RAM 4 GB | Dung lượng 64 GB | 5G, Nghe gọi qua FaceTime | Pin 28.6 Wh (~ 7587 mAh),  Sạc 20 W",14.290.000,https://cdn.tgdd.vn/Products/Images/522/295453/ipad-10-wifi-cellular-pink-thumb-600x600.jpeg
Máy tính bảng,Ipad,iPad mini 6 WiFi 64GB,"Chip Apple A15 Bionic | RAM 4 GB | Dung lượng 64 GB | Nghe gọi qua FaceTime | Pin 19.3 Wh (~ 5175  mAh),  Sạc 20 W",12.890.000,https://cdn.tgdd.vn/Products/Images/522/248091/ipad-mini-6-wifi-starlight-1-600x600.jpg
Máy tính bảng,Samsung,Samsung Galaxy Tab S6 Lite (2024),"Chip Exynos 1280 8 nhân | RAM 4 GB | Dung lượng 64 GB | Hỗ trợ 4G, Có nghe gọi | Pin 7040 mAh,  Sạc 15 W",8.490.000,https://cdn.tgdd.vn/Products/Images/522/322134/samsung-galaxy-tab-s6-lite-2024-mint-thumb-600x600.jpg
Máy tính bảng,Samsung,Samsung Galaxy Tab A9,"Chip MediaTek Helio G99 | RAM 4 GB | Dung lượng 64 GB | Hỗ trợ 4G, Có nghe gọi | Pin 5100 mAh,  Sạc 15 W",4.690.000,https://cdn.tgdd.vn/Products/Images/522/317621/samsung-galaxy-tab-a9-den-thumb-600x600.jpg
Máy tính bảng,Samsung,Samsung Galaxy Tab A9+,"Chip Snapdragon 695 | RAM 4 GB | Dung lượng 64 GB | 5G, Có nghe gọi | Pin 7040 mAh,  Sạc 15 W",6.690.000,https://cdn.tgdd.vn/Products/Images/522/317623/samsung-galaxy-a9-plus-den-thumb-600x600.jpg
Máy tính bảng,Samsung,Samsung Galaxy Tab S9+ 5G,"Chip Snapdragon 8 Gen 2 for Galaxy | RAM 12 GB | Dung lượng 256 GB | 5G, Có nghe gọi | Pin 10090 mAh,  Sạc 45 W",28.990.000,https://cdn.tgdd.vn/Products/Images/522/311074/samsung-galaxy-tab-s9-plus-thumbnew-600x600.jpg
Máy tính bảng,Samsung,Samsung Galaxy Tab S9+ WiFi,"Chip Snapdragon 8 Gen 2 for Galaxy | RAM 12 GB | Dung lượng 256 GB | Pin 10090 mAh,  Sạc 45 W",25.990.000,https://cdn.tgdd.vn/Products/Images/522/307178/samsung-galaxy-tab-s9-plus-kem-thumbnew-600x600.jpg
Máy tính bảng,Samsung,Samsung Galaxy Tab S9 5G,"Chip Snapdragon 8 Gen 2 for Galaxy | RAM 8 GB | Dung lượng 128 GB | 5G, Có nghe gọi | Pin 8400 mAh,  Sạc 45 W",22.990.000,https://cdn.tgdd.vn/Products/Images/522/311062/samsung-galaxy-tab-s9-kem-thumbnew-600x600.jpg
Máy tính bảng,Samsung,Samsung Galaxy Tab S9 WiFi,"Chip Snapdragon 8 Gen 2 for Galaxy | RAM 8 GB | Dung lượng 128 GB | Pin 8400 mAh,  Sạc 45 W",19.990.000,https://cdn.tgdd.vn/Products/Images/522/303299/samsung-galaxy-tab-s9-grey-thumbnew-600x600.jpg
Máy tính bảng,Samsung,Samsung Galaxy Tab S9 FE WiFi series,"Chip Exynos 1380 8 nhân | RAM 6 GB | Dung lượng 128 GB | Pin 8000 mAh,  Sạc 45 W",9.990.000,https://cdn.tgdd.vn/Products/Images/522/309818/galaxy-tab-s9-fe-xanh-mint-thumb-600x600.jpg
Máy tính bảng,Xiaomi,Xiaomi Redmi Pad SE (4GB/128GB),"Chip Snapdragon 680 8 nhân | RAM 4 GB | Dung lượng 128 GB | Pin 8000 mAh,  Sạc 10 W",4.290.000,https://cdn.tgdd.vn/Products/Images/522/315607/xiaomi-pad-se-xanh-thumb-600x600.jpg
Máy tính bảng,Xiaomi,Xiaomi Pad 6,"Chip Snapdragon 870 5G | RAM 8 GB | Dung lượng 256 GB | Pin 8840 mAh,  Sạc 33 W",9.490.000,https://cdn.tgdd.vn/Products/Images/522/309848/xiaomi-pad-6-blue-thumb-600x600.jpg
Máy tính bảng,Xiaomi,Xiaomi Redmi Pad SE (8GB/256GB),"Chip Snapdragon 680 8 nhân | RAM 8 GB | Dung lượng 256 GB | Pin 8000 mAh,  Sạc 10 W",5.590.000,https://cdn.tgdd.vn/Products/Images/522/315622/xiaomi-redmi-pad-se-tim-thumb-600x600.jpeg
Máy tính bảng,Xiaomi,Xiaomi Redmi Pad SE (6GB/128GB),"Chip Snapdragon 680 8 nhân | RAM 6 GB | Dung lượng 128 GB | Pin 8000 mAh,  Sạc 10 W",4.990.000,https://cdn.tgdd.vn/Products/Images/522/310029/xiaomi-pad-se-xanh-thumb-600x600.jpg
Máy tính bảng,Oppo,OPPO Pad Neo WiFi,"Chip MediaTek Helio G99 | RAM 6 GB | Dung lượng 128 GB | Pin 8000 mAh,  Sạc 33 W",6.990.000,https://cdn.tgdd.vn/Products/Images/522/322613/oppo-pad-neo-6gb-thumb-1-600x600.jpg
Máy tính bảng,Oppo,OPPO Pad 2,"Chip Mediatek Dimensity 9000 8 nhân | RAM 8 GB | Dung lượng 256 GB | Pin 9510 mAh,  Sạc 67 W",12.990.000,https://cdn.tgdd.vn/Products/Images/522/303146/oppo-pad-2-thumb-600x600.jpeg
Máy tính bảng,Oppo,OPPO Pad Neo 4G,"Chip MediaTek Helio G99 | RAM 8 GB | Dung lượng 128 GB | Hỗ trợ 4G, Có nghe gọi | Pin 8000 mAh,  Sạc 33 W",7.990.000,https://cdn.tgdd.vn/Products/Images/522/320992/oppo-pad-neo-grey-thumb-600x600.jpg
Máy tính bảng,Oppo,OPPO Pad Air 128GB,"Chip Snapdragon 680 8 nhân | RAM 4 GB | Dung lượng 128 GB | Pin 7100 mAh,  Sạc 18 W",5.490.000,https://cdn.tgdd.vn/Products/Images/522/305838/oppo-pad-air-128gb-thumbnew-600x600.jpeg
Máy tính bảng,Oppo,OPPO Pad Air 64GB,"Chip Snapdragon 680 8 nhân | RAM 4 GB | Dung lượng 64 GB | Pin 7100 mAh,  Sạc 18 W",4.990.000,https://cdn.tgdd.vn/Products/Images/522/281821/OPPO-pad-thumb-xám-600x600.jpg
Máy tính bảng,Lenovo,Lenovo Tab M10 (Gen 3) 3GB/32GB,"Chip Unisoc T610 | RAM 3 GB | Dung lượng 32 GB | Hỗ trợ 4G, Có nghe gọi | Pin 5000 mAh,  Sạc 10 W",3.690.000,https://cdn.tgdd.vn/Products/Images/522/285039/lenovo-tab-m10-gen-3-1-2-600x600.jpg
Máy tính bảng,Lenovo,Lenovo Tab M9,"Chip MediaTek Helio G80 | RAM 4 GB | Dung lượng 64 GB | Hỗ trợ 4G, Có nghe gọi | Pin 5100 mAh,  Sạc 10 W",3.990.000,https://cdn.tgdd.vn/Products/Images/522/306923/lenovo-tab-m8-xanh-thumb-1-600x600.jpg
Máy tính bảng,Lenovo,Lenovo Tab M8 (Gen 4),"Chip MediaTek Helio A22 | RAM 3 GB | Dung lượng 32 GB | Hỗ trợ 4G, Có nghe gọi | Pin 5100 mAh,  Sạc 10 W",2.490.000,https://cdn.tgdd.vn/Products/Images/522/306924/tab_m8_gen4_thumb-600x600.jpg
Máy tính xách tay,Lenovo,Lenovo Ideapad Slim 3 15IAH8 i5 12450H (83ER000EVN),"Màn hình: 15.6"", Full HD/Full HD+ | CPU: i5, 12450H, 2GHz | Card: Intel UHD | Pin: 47 Wh | Khối lượng: 1.62 kg",13.890.000,https://cdn.tgdd.vn/Products/Images/44/313333/lenovo-ideapad-slim-3-15iah8-i5-83er00evn-thumb-600x600.jpg
Máy tính xách tay,Lenovo,Lenovo Ideapad 3 15IAU7 i3 1215U (82RK00RWVN),"Màn hình: 15.6"", Full HD/Full HD+ | CPU: i3, 1215U, 1.2GHz | Card: Intel UHD | Pin: 45Wh | Khối lượng: 1.63 kg",8.890.000,https://cdn.tgdd.vn/Products/Images/44/313615/lenovo-ideapad-3-15iau7-i3-82rk00rwvn-thumb-600x600.jpg
Máy tính xách tay,Lenovo,Lenovo LOQ Gaming 15IAX9 i5 12450HX (83GS000JVN),"Màn hình: 15.6"", Full HD/Full HD+, 144Hz | CPU: i5, 12450HX | Card: RTX 3050 6GB | Pin: 60 Wh | Khối lượng: 2.38 kg",21.490.000,https://cdn.tgdd.vn/Products/Images/44/322072/lenovo-loq-gaming-15iax9-i5-83gs000jvn-thumb-new-600x600.jpg
Máy tính xách tay,Lenovo,Lenovo Ideapad Gaming 3 15ACH6 R5 5500H (82K2027PVN),"Màn hình: 15.6"", Full HD/Full HD+, 144Hz | CPU: Ryzen 5, 5500H, 3.3GHz | Card: RTX 2050 4GB | Pin: 45Wh | Khối lượng: 2.25 kg",15.690.000,https://cdn.tgdd.vn/Products/Images/44/313667/lenovo-ideapad-gaming-3-15ach6-r5-82k2027pvn-600x600.png
Máy tính xách tay,Lenovo,Lenovo Ideapad 1 15ALC7 R7 5700U (82R400C1VN),"Màn hình: 15.6"", Full HD/Full HD+ | CPU: Ryzen 7, 5700U, 1.8GHz | Card: Radeon | Pin: 42 Wh | Khối lượng: 1.61 kg",12.090.000,https://cdn.tgdd.vn/Products/Images/44/313627/lenovo-ideapad-1-15alc7-r7-82r400c1vn-thumb-1-600x600.jpg
Máy tính xách tay,Lenovo,Lenovo IdeaPad 1 15AMN7 R5 7520U (82VG0061VN),"Màn hình: 15.6"", Full HD/Full HD+ | CPU: Ryzen 5, 7520U, 2.8GHz | Card: AMD Radeon 610M | Pin: 42 Wh | Khối lượng: 1.58 kg",9.590.000,https://cdn.tgdd.vn/Products/Images/44/303562/lenovo-ideapad-1-15amn7-r5-82vg0061vn-thumb-laptop-1-600x600.jpg
Máy tính xách tay,Lenovo,Lenovo Ideapad Slim 5 14IAH8 i5 12450H (83BF003WVN),"Màn hình: 14"", Full HD+ | CPU: i5, 12450H, 2GHz | Card: Intel UHD | Pin: 56.6Wh | Khối lượng: 1.46 kg",15.690.000,https://cdn.tgdd.vn/Products/Images/44/322082/lenovo-ideapad-5-14iah8-i5-83bf003wvn-thumb-600x600.jpg
Máy tính xách tay,Lenovo,Lenovo Ideapad 3 15IAU7 i3 1215U (82RK00QYVN),"Màn hình: 15.6"", Full HD/Full HD+ | CPU: i3, 1215U, 1.2GHz | Card: Intel UHD | Pin: 45Wh | Khối lượng: 1.63 kg",9.990.000,https://cdn.tgdd.vn/Products/Images/44/313616/lenovo-ideapad-3-15iau7-i3-82rk00qyvn-thumb-600x600.jpg
Máy tính xách tay,Lenovo,Lenovo Ideapad Slim 3 15IRH8 i7 13620H (83EM003FVN),"Màn hình: 15.6"", Full HD/Full HD+ | CPU: i7, 13620H, 2.4GHz | Card: Intel UHD | Pin: 47 Wh | Khối lượng: 1.62 kg",18.190.000,https://cdn.tgdd.vn/Products/Images/44/322073/lenovo-ideapad-slim-3-15irh8-i7-83em003fvn-thumb-600x600.jpg
Máy tính xách tay,Lenovo,Lenovo Ideapad 3 15IAU7 i7 1255U (82RK00X0VN),"Màn hình: 15.6"", Full HD/Full HD+ | CPU: i7, 1255U, 1.7GHz | Card: Intel Iris Xe | Pin: 45Wh | Khối lượng: 1.63 kg",16.090.000,https://cdn.tgdd.vn/Products/Images/44/313637/lenovo-ideapad-3-15iau7-i7-82rk00x0vn-thumb-600x600.jpg
Máy tính xách tay,Lenovo,Lenovo Ideapad Slim 3 15IAH8 i5 12450H (83ER000FVN),"Màn hình: 15.6"", Full HD/Full HD+ | CPU: i5, 12450H, 2GHz | Card: Intel UHD | Pin: 47 Wh | Khối lượng: 1.62 kg",14.690.000,https://cdn.tgdd.vn/Products/Images/44/313582/lenovo-ideapad-slim-3-15iah8-i5-83er000fvn-thumb-600x600.jpg
Máy tính xách tay,Lenovo,Lenovo V14 G3 ABA R5 5625U (82TU006SVN),"Màn hình: 14"", Full HD/Full HD+ | CPU: Ryzen 5, 5625U, 2.30 GHz | Card: Radeon | Pin: 38Wh | Khối lượng: 1.43 kg",8.990.000,https://cdn.tgdd.vn/Products/Images/44/315957/lenovo-v14-g3-aba-r5-82tu006svn-thumb-600x600.jpg
Máy tính xách tay,Lenovo,Lenovo IdeaPad Slim 5 Light 14ABR8 R5 7530U (82XS002KVN),"Màn hình: 14"", Full HD/Full HD+ | CPU: Ryzen 5, 7530U, 2GHz | Card: Radeon | Pin: 47 Wh | Khối lượng: 1.17 kg",14.990.000,https://cdn.tgdd.vn/Products/Images/44/305673/lenovo-ideapad-slim-5-light-14abr8-r5-82xs002kvn-thumb-600x600.jpg
Máy tính xách tay,Lenovo,Lenovo Yoga 7 14IRL8 i5 1340P (82YL006AVN),"Màn hình: 14"", Full HD/Full HD+, Cảm ứng | CPU: i5, 1340P, 1.9GHz | Card: Intel Iris Xe | Pin: 71Wh | Khối lượng: 1.49 kg",21.990.000,https://cdn.tgdd.vn/Products/Images/44/313618/lenovo-yoga-7-14irl8-i5-82yl006avn-thumb-600x600.jpg
Máy tính xách tay,Lenovo,Lenovo ThinkBook 15 G5 IRL i7 1355U (21JD002AVN),"Màn hình: 15.6"", Full HD/Full HD+ | CPU: i7, 1355U, 1.7GHz | Card: Intel Iris Xe | Pin: 45Wh | Khối lượng: 1.7 kg",22.990.000,https://cdn.tgdd.vn/Products/Images/44/310881/lenovo-thinkbook-15-g5-irl-i7-121jd002avn-thumb-1-600x600.jpg
Máy tính xách tay,Lenovo,Lenovo Ideapad 5 Pro 14IAP7 i7 1260P (82SH002SVN),"Màn hình: 14"", 2K, 90Hz | CPU: i7, 1260P, 2.1GHz | Card: Intel Iris Xe | Pin: 56.5Wh | Khối lượng: 1.42 kg",21.490.000,https://cdn.tgdd.vn/Products/Images/44/288199/lenovo-ideapad-5-pro-14iap7-i7-82sh002svn-ab-thumb-600x600.jpg
Máy tính xách tay,Lenovo,Lenovo V15 G4 IRU i5 1335U (83A1000LVN),"Màn hình: 15.6"", Full HD/Full HD+ | CPU: i5, 1335U, 1.3GHz | Card: Intel Iris Xe | Pin: 38Wh | Khối lượng: 1.67 kg",15.290.000,https://cdn.tgdd.vn/Products/Images/44/314257/lenovo-v15-g4-iru-i5-83a1000lvn-thumb-1-600x600.jpg
Máy tính xách tay,Lenovo,Lenovo LOQ Gaming 15IRH8 i7 13620H (82XV00QXVN),"Màn hình: 15.6"", Full HD/Full HD+, 144Hz | CPU: i7, 13620H, 2.4GHz | Card: RTX 4050 6GB | Pin: 60 Wh | Khối lượng: 2.4 kg",28.490.000,https://cdn.tgdd.vn/Products/Images/44/313613/lenovo-loq-gaming-15irh8-i7-82xv00qxvn-thumb-600x600.jpg
Máy tính xách tay,Lenovo,Lenovo Gaming Legion 5 16IRH8 i5 13500H (82YA00BSVN),"Màn hình: 16"", 2K, 165Hz | CPU: i5, 13500H, 2.6GHz | Card: RTX 4050 6GB | Pin: 80 Wh | Khối lượng: 2.4 kg",33.990.000,https://cdn.tgdd.vn/Products/Images/44/313639/lenovo-legion-5-16irh8-i5-82ya00bsvn-280823-025858-600x600.jpg
Máy tính xách tay,Lenovo,Lenovo Yoga Slim 7 14IMH9 Ultra 7 155H (83CV001VVN),"Màn hình: 14"", Full HD/Full HD+ | CPU: Ultra 7, 155H, 3.8GHz | Card: Intel Arc Graphics | Pin: 65Wh | Khối lượng: 1.39 kg",30.990.000,https://cdn.tgdd.vn/Products/Images/44/325512/lenovo-yoga-7-14imh9-ultra7-83cv001vvn-thumb-600x600.jpg
Máy tính xách tay,Macbook,MacBook Air 13 inch M1,"Màn hình: 13.3"", Retina | CPU: Apple M1 | Card: 7 nhân GPU | Pin: Lên đến 18 giờ | Khối lượng: 1.29 kg",18.190.000,https://cdn.tgdd.vn/Products/Images/44/231244/macbook-air-m1-2020-gray-600x600.jpg
Máy tính xách tay,Macbook,MacBook Air 13 inch M2 2022 8-core CPU,"Màn hình: 13.6"", Retina | CPU: Apple M2, 100GB/s | Card: 8 nhân GPU | Pin: Lên đến 18 giờ | Khối lượng: 1.24 kg",24.090.000,https://cdn.tgdd.vn/Products/Images/44/282827/apple-macbook-air-m2-2022-xanh-600x600.jpg
Máy tính xách tay,Macbook,MacBook Air 15 inch M2 Sạc 35W,"Màn hình: 15.3"", Retina | CPU: Apple M2, 100GB/s | Card: 10 nhân GPU | Pin: Lên đến 18 giờ | Khối lượng: 1.51 kg",27.590.000,https://cdn.tgdd.vn/Products/Images/44/309016/apple-macbook-air-15-inch-m2-2023-gray-thumb-600x600.jpg
Máy tính xách tay,Macbook,MacBook Pro 14 inch M3,"Màn hình: 14.2"", 4K, 120Hz | CPU: Apple M3, 100GB/s | Card: 10 nhân GPU | Pin: Lên đến 22 giờ | Khối lượng: 1.55 kg",38.490.000,https://cdn.tgdd.vn/Products/Images/44/318228/macbook-pro-14-inch-m3-2023-311023-095050-600x600.jpg
Máy tính xách tay,Macbook,MacBook Air 15 inch M2,"Màn hình: 15.3"", Retina | CPU: Apple M2, 100GB/s | Card: 10 nhân GPU | Pin: Lên đến 18 giờ | Khối lượng: 1.51 kg",35.990.000,https://cdn.tgdd.vn/Products/Images/44/309018/apple-macbook-air-15-inch-m2-2023-midnight-thumb-600x600.jpg
Máy tính xách tay,Macbook,MacBook Air 13 inch M2 10GPU,"Màn hình: 13.6"", Retina | CPU: Apple M2, 100GB/s | Card: 10 nhân GPU | Pin: Lên đến 18 giờ | Khối lượng: 1.24 kg",33.990.000,https://cdn.tgdd.vn/Products/Images/44/289441/apple-macbook-air-m2-2022-16gb-600x600.jpg
Máy tính xách tay,Macbook,MacBook Pro 16 inch M3 Max,"Màn hình: 16.2"", 4K, 120Hz | CPU: Apple M3 Max, 300 GB/s memory bandwidth | Card: 30 nhân GPU | Pin: Lên đến 22 giờ | Khối lượng: 2.16 kg",87.990.000,https://cdn.tgdd.vn/Products/Images/44/318236/apple-macbook-pro-16-inch-m3-max-2023-14-core-311023-034030-600x600.jpg
Máy tính xách tay,Macbook,MacBook Pro 16 inch M3 Pro,"Màn hình: 16.2"", 4K, 120Hz | CPU: Apple M3 Pro, 150 GB/s memory bandwidth | Card: 18 nhân GPU | Pin: Lên đến 22 giờ | Khối lượng: 2.14 kg",69.990.000,https://cdn.tgdd.vn/Products/Images/44/320983/apple-macbook-pro-16-inch-m3-pro-2023-12-core-18gb-thumb-1-600x600.jpg
Máy tính xách tay,Macbook,MacBook Pro 14 inch M3 Pro,"Màn hình: 14.2"", 4K, 120Hz | CPU: Apple M3 Pro, 150 GB/s memory bandwidth | Card: 14 nhân GPU | Pin: Lên đến 18 giờ | Khối lượng: 1.61 kg",59.990.000,https://cdn.tgdd.vn/Products/Images/44/322359/macbook-pro-14-inch-m3-pro-2023-36gb-512gb-030324-115501-600x600.jpg
Máy tính xách tay,Macbook,MacBook Air 15 inch M3,"Màn hình: 15.3"", 2K | CPU: Apple M3, 100GB/s | Card: 10 nhân GPU | Pin: Lên đến 18 giờ | Khối lượng: 1.51 kg",42.990.000,https://cdn.tgdd.vn/Products/Images/44/322637/macbook-air-15-inch-m3-2024-16gb-512gb-060324-095842-600x600.jpg
Máy tính xách tay,Macbook,MacBook Air 13 inch M3,"Màn hình: 13.6"", 2K | CPU: Apple M3, 100GB/s | Card: 10 nhân GPU | Pin: Lên đến 18 giờ | Khối lượng: 1.24 kg",37.990.000,https://cdn.tgdd.vn/Products/Images/44/322634/macbook-air-13-inch-m3-2024-16gb-512gb-050324-110820-600x600.jpg
Máy tính xách tay,Asus,Asus Vivobook 15 OLED A1505ZA i5 12500H (L1337W),"Màn hình: 15.6"", Full HD/Full HD+ | CPU: i5, 12500H, 2.5GHz | Card: Intel Iris Xe | Pin: 3-cell, 50Wh | Khối lượng: 1.7 kg",16.490.000,https://cdn.tgdd.vn/Products/Images/44/311180/asus-vivobook-15-oled-a1505za-i5-l1337w-thumb-1-600x600.jpg
Máy tính xách tay,Asus,Asus Vivobook Go 15 E1504FA R5 7520U (NJ776W),"Màn hình: 15.6"", Full HD/Full HD+ | CPU: Ryzen 5, 7520U, 2.8GHz | Card: Radeon | Pin: 3-cell, 42Wh | Khối lượng: 1.63 kg",12.490.000,https://cdn.tgdd.vn/Products/Images/44/311178/asus-vivobook-go-15-e1504fa-r5-nj776w-thumb-600x600.jpg
Máy tính xách tay,Asus,Asus Vivobook 15 X1504ZA i3 1215U (NJ102W),"Màn hình: 15.6"", Full HD/Full HD+ | CPU: i3, 1215U, 1.2GHz | Card: Intel UHD | Pin: 3-cell, 42Wh | Khối lượng: 1.7 kg",10.290.000,https://cdn.tgdd.vn/Products/Images/44/312414/asus-vivobook-15-x1504za-i3-nj102w-thumb-600x600.jpg
Máy tính xách tay,Asus,Asus TUF Gaming A15 FA506NF R5 7535HS (HN012W),"Màn hình: 15.6"", Full HD/Full HD+, 144Hz | CPU: Ryzen 5, 7535HS, 3.3GHz | Card: RTX 2050 4GB | Pin: 3-cell, 48Wh | Khối lượng: 2.3 kg",17.490.000,https://cdn.tgdd.vn/Products/Images/44/322269/asus-tuf-gaming-a15-fa506nf-r5-hn012w-thumb-600x600.jpg
Máy tính xách tay,Asus,Asus Vivobook 15 OLED A1505VA i5 13500H (L1341W),"Màn hình: 15.6"", Full HD/Full HD+ | CPU: i5, 13500H, 2.6GHz | Card: Intel Iris Xe | Pin: 3-cell, 50Wh | Khối lượng: 1.7 kg",17.990.000,https://cdn.tgdd.vn/Products/Images/44/310839/asus-vivobook-15-oled-a1505va-i5-l1341w-thumb-600x600.jpg
Máy tính xách tay,Asus,Asus Vivobook X1404ZA i3 1215U (NK246W),"Màn hình: 14"", Full HD/Full HD+ | CPU: i3, 1215U, 1.2GHz | Card: Intel UHD | Pin: 3-cell, 42Wh | Khối lượng: 1.4 kg",9.990.000,https://cdn.tgdd.vn/Products/Images/44/317712/asus-vivobook-x1404za-i3-nk246w-thumb-600x600.jpg
Máy tính xách tay,Asus,Asus Vivobook 16 X1605VA i5 1335U (MB360W),"Màn hình: 16"", Full HD/Full HD+ | CPU: i5, 1335U, 1.3GHz | Card: Intel Iris Xe | Pin: 3-cell, 42Wh | Khối lượng: 1.88 kg",15.990.000,https://cdn.tgdd.vn/Products/Images/44/309375/asus-vivobook-16-x1605va-i5-mb360w-thumb-laptop-600x600.jpg
Máy tính xách tay,Asus,Asus TUF Gaming F15 FX506HF i5 11400H (HN014W),"Màn hình: 15.6"", Full HD/Full HD+, 144Hz | CPU: i5, 11400H, 2.7GHz | Card: RTX 2050 4GB | Pin: 3-cell, 48Wh | Khối lượng: 2.3 kg",16.490.000,https://cdn.tgdd.vn/Products/Images/44/304867/asus-tuf-gaming-f15-fx506hf-i5-hn014w-thumb-600x600.jpg
Máy tính xách tay,Asus,Asus Vivobook 14 X1404VA i5 1335U (NK050W),"Màn hình: 14"", Full HD/Full HD+ | CPU: i5, 1335U, 1.3GHz | Card: Intel Iris Xe | Pin: 3-cell, 42Wh | Khối lượng: 1.4 kg",15.790.000,https://cdn.tgdd.vn/Products/Images/44/317704/asus-vivobook-14-x1404va-i5-nk050w-thumb-600x600.jpg
Máy tính xách tay,Asus,Asus TUF Gaming F15 FX507ZC4 i5 12500H (HN229W),"Màn hình: 15.6"", Full HD/Full HD+, 144Hz | CPU: i5, 12500H, 2.5GHz | Card: RTX 3050 4GB | Pin: 4-cell, 56Wh | Khối lượng: 2.2 kg",21.990.000,https://cdn.tgdd.vn/Products/Images/44/317709/asus-tuf-gaming-f15-fx507zc4-i5-hn229w-thumb-600x600.jpg
Máy tính xách tay,Asus,Asus Vivobook X1404ZA i5 1235U (NK376W),"Màn hình: 14"", Full HD/Full HD+ | CPU: i5, 1235U, 1.3GHz | Card: Intel Iris Xe | Pin: 3-cell, 42Wh | Khối lượng: 1.4 kg",14.990.000,https://cdn.tgdd.vn/Products/Images/44/322270/asus-vivobook-x1404za-i5-nk376w-thumb-600x600.jpg
Máy tính xách tay,Asus,Asus TUF Gaming A15 FA507NU R5 7535HS (LP105W),"Màn hình: 15.6"", Full HD/Full HD+, 144Hz | CPU: Ryzen 5, 7535HS, 3.3GHz | Card: RTX 4050 6GB | Pin: 4-cell, 90Wh | Khối lượng: 2.2 kg",22.490.000,https://cdn.tgdd.vn/Products/Images/44/321059/asus-tuf-gaming-a15-fa507nu-r5-lp105w-thumb-600x600.jpg
Máy tính xách tay,Asus,Asus Vivobook 15 X1504VA i5 1335U (NJ025W),"Màn hình: 15.6"", Full HD/Full HD+ | CPU: i5, 1335U, 1.3GHz | Card: Intel UHD | Pin: 3-cell, 42Wh | Khối lượng: 1.7 kg",14.290.000,https://cdn.tgdd.vn/Products/Images/44/305008/asus-vivobook-15-x1504va-i5-nj025w-thumb-600x600.jpg
Máy tính xách tay,Asus,Asus TUF Gaming A15 FA506NC R5 7535HS (HN017W),"Màn hình: 15.6"", Full HD/Full HD+, 144Hz | CPU: Ryzen 5, 7535HS, 3.3GHz | Card: RTX 3050 4GB | Pin: 3-cell, 48Wh | Khối lượng: 2.3 kg",19.490.000,https://cdn.tgdd.vn/Products/Images/44/322568/asus-tuf-gaming-a15-fa506nc-r5-hn017w-thumb-600x600.jpg
Máy tính xách tay,Asus,Asus Vivobook 15 X1504ZA i5 1235U (NJ1528W),"Màn hình: 15.6"", Full HD/Full HD+ | CPU: i5, 1235U, 1.3GHz | Card: Intel Iris Xe | Pin: 3-cell, 42Wh | Khối lượng: 1.7 kg",15.690.000,https://cdn.tgdd.vn/Products/Images/44/322861/asus-vivobook-15-x1504za-i5-1nj1528w-thumb-1-600x600.jpg
Máy tính xách tay,Asus,Asus Vivobook S 14 Flip TP3402VA i5 13500H (LZ031W),"Màn hình: 14"", Full HD/Full HD+, Cảm ứng | CPU: i5, 13500H, 2.6GHz | Card: Intel Iris Xe | Pin: 3-cell, 50Wh | Khối lượng: 1.5 kg",18.990.000,https://cdn.tgdd.vn/Products/Images/44/304869/asus-vivobook-s-14-flip-tp3402va-i5-lz031w-thumb-1-600x600.jpg
Máy tính xách tay,Asus,Asus Vivobook 15 X1504VA i7 1355U (NJ023W),"Màn hình: 15.6"", Full HD/Full HD+ | CPU: i7, 1355U, 1.7GHz | Card: Intel Iris Xe | Pin: 3-cell, 42Wh | Khối lượng: 1.7 kg",18.990.000,https://cdn.tgdd.vn/Products/Images/44/305009/asus-vivobook-15-x1504va-nj023w-thumb-600x600.jpg
Máy tính xách tay,Asus,Asus TUF Gaming F15 FX507VU i7 13620H (LP167W),"Màn hình: 15.6"", Full HD/Full HD+, 144Hz | CPU: i7, 13620H, 2.4GHz | Card: RTX 4050 6GB | Pin: 4-cell, 90Wh | Khối lượng: 2.2 kg",28.490.000,https://cdn.tgdd.vn/Products/Images/44/320434/asus-tuf-gaming-f15-fx507vu-i7-lp167w-thumb-600x600.jpg
Máy tính xách tay,Asus,Asus Vivobook 15 OLED A1505VA i7 13700H (L1338W),"Màn hình: 15.6"", Full HD/Full HD+ | CPU: i7, 13700H, 2.4GHz | Card: Intel Iris Xe | Pin: 3-cell, 50Wh | Khối lượng: 1.7 kg",20.490.000,https://cdn.tgdd.vn/Products/Images/44/311179/asus-vivobook-15-oled-a1505va-i7-l1338w-thumb-600x600.jpg
Máy tính xách tay,Asus,Asus Vivobook X415EA i3 1115G4 (EK2034W),"Màn hình: 14"", Full HD/Full HD+ | CPU: i3, 1115G4, 3GHz | Card: Intel UHD | Pin: 2-cell, 37Wh | Khối lượng: 1.55 kg",8.990.000,https://cdn.tgdd.vn/Products/Images/44/304866/asus-vivobook-x415ea-i3-ek2034w-thumb-laptop-600x600.jpg
Máy tính xách tay,Acer,Acer Aspire Lite 15 51M 5542 i5 1155G7 (NX.KS5SV.001),"Màn hình: 15.6"", Full HD/Full HD+ | CPU: i5, 1155G7, 2.5GHz | Card: Intel Iris Xe | Pin: 36Wh | Khối lượng: 1.7 kg",12.290.000,https://cdn.tgdd.vn/Products/Images/44/320870/acer-aspire-lite-15-51m-5542-i5-nxks5sv001-thumb-2-600x600.jpg
Máy tính xách tay,Acer,Acer Gaming Aspire 5 A515 58GM 51LB i5 13420H (NX.KQ4SV.002),"Màn hình: 15.6"", Full HD/Full HD+ | CPU: i5, 13420H, 2.1GHz | Card: RTX 2050 4GB | Pin: 3-cell, 50Wh | Khối lượng: 1.7 kg",16.990.000,https://cdn.tgdd.vn/Products/Images/44/314630/acer-aspire-5-a515-58gm-51lb-i5-nxkq4sv002-170923-015941-600x600.jpg
Máy tính xách tay,Acer,Acer Aspire 3 A315 510P 32EF i3 N305 (NX.KDHSV.001),"Màn hình: 15.6"", Full HD/Full HD+ | CPU: i3 chuỗi N, N305 | Card: Intel UHD | Pin: 40 Wh | Khối lượng: 1.7 kg",8.790.000,https://cdn.tgdd.vn/Products/Images/44/310282/acer-aspire-3-a315-510p-32ef-i3-nxkdhsv001-thumb-600x600.jpg
Máy tính xách tay,Acer,Acer Aspire Lite 15 51M 55NB i5 1155G7 (NX.KRSSV.001),"Màn hình: 15.6"", Full HD/Full HD+ | CPU: i5, 1155G7, 2.5GHz | Card: Intel Iris Xe | Pin: 36Wh | Khối lượng: 1.7 kg",11.490.000,https://cdn.tgdd.vn/Products/Images/44/324735/acer-aspire-lite-15-51m-55nb-i5-nxkrssv001-thumb-600x600.jpg
Máy tính xách tay,Acer,Acer Gaming Nitro 5 Tiger AN515 58 769J i7 12700H (NH.QFHSV.003),"Màn hình: 15.6"", Full HD/Full HD+, 144Hz | CPU: i7, 12700H, 2.30 GHz | Card: RTX 3050 4GB | Pin: 4-cell, 57.5Wh | Khối lượng: 2.5 kg",21.990.000,https://cdn.tgdd.vn/Products/Images/44/313332/acer-nitro-5-an515-58-769j-i7-nhqfhsv003-thumb-600x600.jpg
Máy tính xách tay,Acer,Acer Aspire 3 A315 44P R9W8 R7 5700U (NX.KSJSV.002),"Màn hình: 15.6"", Full HD/Full HD+ | CPU: Ryzen 7, 5700U, 1.8GHz | Card: Radeon | Pin: 3-cell, 50Wh | Khối lượng: 1.7 kg",11.490.000,https://cdn.tgdd.vn/Products/Images/44/321436/acer-aspire-a315-44p-r9w8-r7-nxksjsv002-thumb-600x600.jpg
Máy tính xách tay,Acer,Acer Gaming Aspire 7 A715 43G R8GA R5 5625U (NH.QHDSV.002),"Màn hình: 15.6"", Full HD/Full HD+, 144Hz | CPU: Ryzen 5, 5625U, 2.30 GHz | Card: RTX 3050 4GB | Pin: 3-cell, 50Wh | Khối lượng: 2.1 kg",15.990.000,https://cdn.tgdd.vn/Products/Images/44/285961/acer-aspire-7-gaming-a715-43g-r8ga-r5-nhqhdsv002-thumb-600x600.jpg
Máy tính xách tay,Acer,Acer Aspire 3 A315 59 38PG i3 1215U (NX.K6TSV.00A),"Màn hình: 15.6"", Full HD/Full HD+ | CPU: i3, 1215U, 1.2GHz | Card: Intel UHD | Pin: 3-cell, 40Wh | Khối lượng: 1.7 kg",9.690.000,https://cdn.tgdd.vn/Products/Images/44/302485/acer-aspire-3-a315-59-38pg-i3-nxk6tsv00a-thumb-600x600.jpg
Máy tính xách tay,Acer,Acer Gaming Nitro V ANV15 51 55CA i5 13420H (NH.QN8SV.004),"Màn hình: 15.6"", Full HD/Full HD+, 144Hz | CPU: i5, 13420H, 2.1GHz | Card: RTX 4050 6GB | Pin: 4-cell, 57Wh | Khối lượng: 2.1 kg",25.990.000,https://cdn.tgdd.vn/Products/Images/44/325697/acer-nitro-v-anv15-51-55ca-i5-nhqn8sv004-thumb-600x600.jpg
Máy tính xách tay,Acer,Acer Aspire 3 A315 59 5283 i5 1235U (NX.K6TSV.00B),"Màn hình: 15.6"", Full HD/Full HD+ | CPU: i5, 1235U, 1.3GHz | Card: Intel UHD | Pin: 3-cell, 40Wh | Khối lượng: 1.7 kg",12.990.000,https://cdn.tgdd.vn/Products/Images/44/304543/acer-aspire-3-a315-59-5283-i5-nxk6tsv00b-thumb-600x600.jpg
Máy tính xách tay,Acer,Acer Aspire 3 A314 42P R3B3 R7 5700U (NX.KSFSV.001),"Màn hình: 14"", Full HD+ | CPU: Ryzen 7, 5700U, 1.8GHz | Card: Radeon | Pin: 3-cell, 50Wh | Khối lượng: 1.4 kg",12.290.000,https://cdn.tgdd.vn/Products/Images/44/322222/acer-aspire-3-a314-42p-r3b3-r7-nxksfsv001-thumb-600x600.jpg
Máy tính xách tay,Acer,Acer Gaming Nitro V ANV15 51 53NE i5 13420H (NH.QNASV.002),"Màn hình: 15.6"", Full HD/Full HD+, 144Hz | CPU: i5, 13420H, 2.1GHz | Card: RTX 2050 4GB | Pin: 4-cell, 57Wh | Khối lượng: 2.1 kg",20.990.000,https://cdn.tgdd.vn/Products/Images/44/319657/acer-nitro-v-anv15-51-53ne-i5-nhqnasv002-thumb-600x600.jpg
Máy tính xách tay,Acer,Acer Gaming Nitro 5 AN515 57 5669 i5 11400H (NH.QEHSV.001),"Màn hình: 15.6"", Full HD/Full HD+, 144Hz | CPU: i5, 11400H, 2.7GHz | Card: GTX 1650 4GB | Pin: 57 Wh Li-ion | Khối lượng: 2.2 kg",15.790.000,https://cdn.tgdd.vn/Products/Images/44/263983/acer-nitro-5-gaming-an515-57-5669-i5-11400h-8gb-512gb-144hz-4gb-gtx1650-win11-nhqehsv001-031221-100506-600x600.jpg
Máy tính xách tay,Acer,Acer Aspire 5 A514 54 5127 i5 1135G7 (NX.A28SV.007),"Màn hình: 14"", Full HD/Full HD+ | CPU: i5, 1135G7, 2.4GHz | Card: Intel Iris Xe | Pin: 48Wh | Khối lượng: 1.46 kg",13.490.000,https://cdn.tgdd.vn/Products/Images/44/271044/acer-aspire-a514-54-5127-i5-nxa28sv007-thumb-600x600.jpg
Máy tính xách tay,Acer,Acer Aspire 5 A515 58M 56YX i5 13420H (NX.KQ8SV.005),"Màn hình: 15.6"", Full HD/Full HD+ | CPU: i5, 13420H, 2.1GHz | Card: Intel UHD | Pin: 3-cell, 50Wh | Khối lượng: 1.7 kg",15.590.000,https://cdn.tgdd.vn/Products/Images/44/323587/acer-aspire-5-a515-58m-56yx-i5-nxkq8sv005-thumb-600x600.jpg
Máy tính xách tay,Acer,Acer Aspire 3 A315 58 54XF i5 1135G7 (NX.AM0SV.007),"Màn hình: 15.6"", Full HD/Full HD+ | CPU: i5, 1135G7, 2.4GHz | Card: Intel Iris Xe | Pin: 2-cell, 36.7Wh | Khối lượng: 1.7 kg",11.490.000,https://cdn.tgdd.vn/Products/Images/44/285764/acer-aspire-3-a315-58-54xf-i5-nxam0sv007-thumb-600x600.jpg
Máy tính xách tay,Acer,Acer Aspire 5 A515 58P 34RJ i3 1315U (NX.KHJSV.003),"Màn hình: 15.6"", Full HD/Full HD+ | CPU: i3, 1315U, 1.2GHz | Card: Intel UHD | Pin: 3-cell, 50Wh | Khối lượng: 1.7 kg",10.790.000,https://cdn.tgdd.vn/Products/Images/44/307185/acer-aspire-5-a515-58p-34rj-i3-nxkhjsv003-thumb-600x600.png
Máy tính xách tay,Acer,Acer Aspire 5 A514 56P 54TN i5 1335U (NX.KHRSV.004),"Màn hình: 14"", Full HD+ | CPU: i5, 1335U, 1.3GHz | Card: Intel Iris Xe | Pin: 3-cell, 50Wh | Khối lượng: 1.5 kg",13.990.000,https://cdn.tgdd.vn/Products/Images/44/322003/acer-aspire-5-a514-56p-54tn-i5-nxkhrsv004-thumb-1-600x600.jpg
Máy tính xách tay,Acer,Acer Aspire 3 A315 58 589K i5 1135G7 (NX.AM0SV.008),"Màn hình: 15.6"", Full HD/Full HD+ | CPU: i5, 1135G7, 2.4GHz | Card: Intel Iris Xe | Pin: 2-cell, 36.7Wh | Khối lượng: 1.7 kg",10.990.000,https://cdn.tgdd.vn/Products/Images/44/305600/acer-aspire-3-a315-58-589k-i5-nxam0sv008-thumb-600x600.jpg
Máy tính xách tay,Acer,Acer Aspire 3 A314 35 P3G9 N6000 (NX.A7SSV.007),"Màn hình: 14"", HD | CPU: Pentium, N6000, 1.1GHz | Card: Intel UHD | Pin: 36Wh | Khối lượng: 1.45 kg",6.990.000,https://cdn.tgdd.vn/Products/Images/44/274136/acer-aspire-3-a314-35-p3g9-n6000-4gb-256gb-090322-050700-600x600.jpg
Máy tính xách tay,Dell,Dell Inspiron 15 3520 i5 1235U (25P231),"Màn hình: 15.6"", Full HD/Full HD+, 120Hz | CPU: i5, 1235U, 1.3GHz | Card: Intel Iris Xe | Pin: 3-cell, 41Wh | Khối lượng: 1.9 kg",16.490.000,https://cdn.tgdd.vn/Products/Images/44/321192/dell-inspiron-15-3520-i5-25p231-250424-020344-600x600.jpg
Máy tính xách tay,Dell,Dell Inspiron 15 3520 i3 1215U (i3U082W11BLU),"Màn hình: 15.6"", Full HD/Full HD+, 120Hz | CPU: i3, 1215U, 1.2GHz | Card: Intel UHD | Pin: 3-cell, 41Wh | Khối lượng: 1.9 kg",10.490.000,https://cdn.tgdd.vn/Products/Images/44/302266/dell-inspiron-15-3520-i3-i3u082w11blu-thumb-600x600.jpg
Máy tính xách tay,Dell,Dell Vostro 15 3520 i3 1215U (V5I3614W1),"Màn hình: 15.6"", Full HD/Full HD+, 120Hz | CPU: i3, 1215U, 1.2GHz | Card: Intel UHD | Pin: 3-cell, 41Wh | Khối lượng: 1.83 kg",10.490.000,https://cdn.tgdd.vn/Products/Images/44/305655/dell-vostro-3520-i3-v5i3614w1-thumb-600x600.jpg
Máy tính xách tay,Dell,Dell Vostro 15 3520 i5 1235U (5M2TT2),"Màn hình: 15.6"", Full HD/Full HD+, 120Hz | CPU: i5, 1235U, 1.3GHz | Card: Intel UHD | Pin: 3-cell, 41Wh | Khối lượng: 1.67 kg",15.490.000,https://cdn.tgdd.vn/Products/Images/44/303835/dell-vostro-15-3520-i5-5m2tt2-thumb-laptop-600x600.jpg
Máy tính xách tay,Dell,Dell Inspiron 15 3520 i5 1235U (i5U085W11BLU),"Màn hình: 15.6"", Full HD/Full HD+, 120Hz | CPU: i5, 1235U, 1.3GHz | Card: Intel UHD | Pin: 3-cell, 41Wh | Khối lượng: 1.9 kg",15.190.000,https://cdn.tgdd.vn/Products/Images/44/296921/dell-inspiron-15-3520-i5u085w11blu-ab-thumb-600x600.jpg
Máy tính xách tay,Dell,Dell Vostro 15 3520 i5 1235U (V5I5610W1),"Màn hình: 15.6"", Full HD/Full HD+, 120Hz | CPU: i5, 1235U, 1.3GHz | Card: Intel UHD | Pin: 3-cell, 41Wh | Khối lượng: 1.85 kg",15.490.000,https://cdn.tgdd.vn/Products/Images/44/322070/dell-vostro-15-3520-i5-v5i5610w1-thumb-600x600.jpg
Máy tính xách tay,Dell,Dell Inspiron 15 3520 i5 1235U (71027003),"Màn hình: 15.6"", Full HD/Full HD+, 120Hz | CPU: i5, 1235U, 1.3GHz | Card: Intel UHD | Pin: 3-cell, 41Wh | Khối lượng: 1.9 kg",15.190.000,https://cdn.tgdd.vn/Products/Images/44/321193/dell-inspiron-15-3520-i5-71027003-glr-thumb-600x600.jpg
Máy tính xách tay,Dell,Dell Inspiron 15 3530 i7 1355U (N3530I716W1),"Màn hình: 15.6"", Full HD/Full HD+, 120Hz | CPU: i7, 1355U, 1.7GHz | Card: MX550 2GB | Pin: 4-cell, 54Wh | Khối lượng: 1.65 kg",24.490.000,https://cdn.tgdd.vn/Products/Images/44/314841/dell-inspiron-15-3530-i7-n3530i716w1-thumb-2-600x600.jpg
Máy tính xách tay,Dell,Dell Vostro 15 3520 i5 1235U (i5U165W11GRU),"Màn hình: 15.6"", Full HD/Full HD+, 120Hz | CPU: i5, 1235U, 1.3GHz | Card: Intel Iris Xe | Pin: 3-cell, 41Wh | Khối lượng: 1.9 kg",16.490.000,https://cdn.tgdd.vn/Products/Images/44/324340/dell-vostro-15-3520-i5-i5u165w11gru-thumb-600x600.jpg
Máy tính xách tay,Dell,Dell Inspiron 15 3520 i3 1215U (71003264),"Màn hình: 15.6"", Full HD/Full HD+, 120Hz | CPU: i3, 1215U, 1.2GHz | Card: Intel UHD | Pin: 3-cell, 41Wh | Khối lượng: 1.9 kg",11.790.000,https://cdn.tgdd.vn/Products/Images/44/309293/dell-inspiron-3520-i3-71003264-thumb-600x600.jpg
Máy tính xách tay,Dell,Dell Vostro 15 3520 i3 1215U (5M2TT1),"Màn hình: 15.6"", Full HD/Full HD+, 120Hz | CPU: i3, 1215U, 1.2GHz | Card: Intel UHD | Pin: 3-cell, 41Wh | Khối lượng: 1.67 kg",11.790.000,https://cdn.tgdd.vn/Products/Images/44/311210/dell-vostro-15-3520-i3-5m2tt1-090823-041032-600x600.png
Máy tính xách tay,Dell,Dell Inspiron 15 3530 i7 1355U (71035574),"Màn hình: 15.6"", Full HD/Full HD+, 120Hz | CPU: i7, 1355U, 1.7GHz | Card: Intel Iris Xe | Pin: 4-cell, 54Wh | Khối lượng: 1.66 kg",21.990.000,https://cdn.tgdd.vn/Products/Images/44/324338/dell-inspiron-15-3530-i7-71035574-thumb-600x600.jpg
Máy tính xách tay,Dell,Dell Inspiron 15 3530 i7 1355U (71011775),"Màn hình: 15.6"", Full HD/Full HD+, 120Hz | CPU: i7, 1355U, 1.7GHz | Card: Intel UHD | Pin: 4-cell, 54Wh | Khối lượng: 1.66 kg",18.990.000,https://cdn.tgdd.vn/Products/Images/44/314833/dell-inspiron-15-3530-i7-71011775-thumb-2-600x600.jpg
Máy tính xách tay,Dell,Dell Inspiron 15 3530 i5 1335U (N5I5791W1),"Màn hình: 15.6"", Full HD/Full HD+, 120Hz | CPU: i5, 1335U, 1.3GHz | Card: Intel Iris Xe | Pin: 3-cell, 41Wh | Khối lượng: 1.66 kg",18.990.000,https://cdn.tgdd.vn/Products/Images/44/315952/dell-inspiron-15-3530-i5-n5i5791w1-thumb-1-600x600.jpg
Máy tính xách tay,Dell,Dell Inspiron 15 3520 i5 1235U (N5I5011W1),"Màn hình: 15.6"", Full HD/Full HD+, 120Hz | CPU: i5, 1235U, 1.3GHz | Card: Intel Iris Xe | Pin: 3-cell, 41Wh | Khối lượng: 1.9 kg",16.490.000,https://cdn.tgdd.vn/Products/Images/44/321191/dell-inspiron-15-3520-i5-n5i5011w1-250424-020229-600x600.jpg
Máy tính xách tay,Dell,Dell Inspiron 15 3530 i5 1335U (N3530-i5U085W11BLU),"Màn hình: 15.6"", Full HD/Full HD+, 120Hz | CPU: i5, 1335U, 1.3GHz | Card: Intel UHD | Pin: 3-cell, 41Wh | Khối lượng: 1.66 kg",16.990.000,https://cdn.tgdd.vn/Products/Images/44/309243/dell-inspiron-3530-i5-1335u-i5u085w11blu-glr-thumb-600x600.jpg
Máy tính xách tay,Dell,Dell Inspiron 15 3530 i5 1335U (71014840),"Màn hình: 15.6"", Full HD, 120Hz | CPU: i5, 1335U, 1.3GHz | Card: MX550 2GB | Pin: 3-cell, 41Wh | Khối lượng: 1.63 kg",16.990.000,https://cdn.tgdd.vn/Products/Images/44/314832/dell-inspiron-15-3530-i5-71014840-180923-082008-600x600.jpg
Máy tính xách tay,Dell,Dell Vostro 14 3430 i5 1335U (71011900),"Màn hình: 14"", Full HD/Full HD+ | CPU: i5, 1335U, 1.3GHz | Card: Intel UHD | Pin: 3-cell, 41Wh | Khối lượng: 1.44 kg",17.290.000,https://cdn.tgdd.vn/Products/Images/44/314830/dell-vostro-3430-i5-71011900-glr-thumb-600x600.jpg
Máy tính xách tay,Dell,Dell Inspiron 14 7430 2-in-1 i7 1355U (i7U165W11SLU),"Màn hình: 14"", Full HD/Full HD+, Cảm ứng | CPU: i7, 1355U, 1.7GHz | Card: Intel Iris Xe | Pin: 4-cell, 54Wh | Khối lượng: 1.62 kg",27.990.000,https://cdn.tgdd.vn/Products/Images/44/309305/dell-inspiron-14-7430-2-in-1-i7-i7u165w11slu-glr-thumb-600x600.jpg
Máy tính xách tay,Dell,Dell Inspiron 14 5440 Core 7 150U (N4I7204W1),"Màn hình: 14"", Full HD+ | CPU: Core 7, 150U | Card: Intel Iris Xe | Pin: 4-cell, 54Wh | Khối lượng: 1.67 kg",24.990.000,https://cdn.tgdd.vn/Products/Images/44/325244/dell-inspiron-14-5440-core-7-n4i7204w1-thumb-600x600.jpg
Máy tính xách tay,Msi,MSI Gaming GF63 Thin 12UCX i5 12450H (873VN),"Màn hình: 15.6"", Full HD/Full HD+, 144Hz | CPU: i5, 12450H, 2GHz | Card: RTX 2050 4GB | Pin: 3-cell Li-ion, 52.4 Wh | Khối lượng: 1.86 kg",16.990.000,https://cdn.tgdd.vn/Products/Images/44/316940/msi-gaming-gf63-thin-12ucx-i5-873vn-glr-thumb-600x600.jpg
Máy tính xách tay,Msi,MSI Gaming GF63 Thin 12UC i7 12650H (887VN),"Màn hình: 15.6"", Full HD/Full HD+, 144Hz | CPU: i7, 12650H, 2.30 GHz | Card: RTX 3050 4GB | Pin: 3-cell Li-ion, 52.4 Wh | Khối lượng: 1.86 kg",18.990.000,https://cdn.tgdd.vn/Products/Images/44/316941/msi-gaming-gf63-thin-12uc-i7-887vn-glr-thumb-600x600.jpg
Máy tính xách tay,Msi,MSI Modern 15 B12MO i5 1235U (628VN),"Màn hình: 15.6"", Full HD/Full HD+ | CPU: i5, 1235U, 1.3GHz | Card: Intel Iris Xe | Pin: 3-Cell, 39.3 Wh | Khối lượng: 1.7 kg",13.490.000,https://cdn.tgdd.vn/Products/Images/44/311016/msi-modern-15-b12mo-i5-628vn-thumb-1-600x600.jpg
Máy tính xách tay,Msi,MSI Gaming Bravo 15 B7ED R5 7535HS (010VN),"Màn hình: 15.6"", Full HD/Full HD+, 144Hz | CPU: Ryzen 5, 7535HS, 3.3GHz | Card: RX 6550M 4GB | Pin: 3-cell, 53.5Wh | Khối lượng: 2.25 kg",16.990.000,https://cdn.tgdd.vn/Products/Images/44/314849/msi-bravo-15-b7ed-r5-010vn-thumb-2-600x600.png
Máy tính xách tay,Msi,MSI Modern 14 C11M i3 1115G4 (011VN),"Màn hình: 14"", Full HD/Full HD+ | CPU: i3, 1115G4, 3GHz | Card: Intel UHD | Pin: 3-cell, 39Wh | Khối lượng: 1.4 kg",8.490.000,https://cdn.tgdd.vn/Products/Images/44/304539/msi-modern-14-c11m-i3-011vn-040523-124356-600x600.jpg
Máy tính xách tay,Msi,MSI Gaming GF63 12UC i5 12450H (803VN),"Màn hình: 15.6"", Full HD/Full HD+, 144Hz | CPU: i5, 12450H, 2GHz | Card: RTX 3050 4GB | Pin: 3-cell Li-ion, 52.4 Wh | Khối lượng: 1.86 kg",17.490.000,https://cdn.tgdd.vn/Products/Images/44/310448/msi-gf63-12uc-i5-803vn-glr-thumb-600x600.jpg
Máy tính xách tay,Msi,MSI Modern 15 B12MO i5 1235U (625VN),"Màn hình: 15.6"", Full HD/Full HD+ | CPU: i5, 1235U, 1.3GHz | Card: Intel Iris Xe | Pin: 3-Cell, 39.3 Wh | Khối lượng: 1.7 kg",11.990.000,https://cdn.tgdd.vn/Products/Images/44/310449/msi-modern-15-b12mo-i5-625vn-glr-thumb-600x600.jpg
Máy tính xách tay,Msi,MSI Gaming GF63 Thin 12VE i5 12450H (460VN),"Màn hình: 15.6"", Full HD/Full HD+, 144Hz | CPU: i5, 12450H, 2GHz | Card: RTX 4050 6GB | Pin: 3-cell Li-ion, 52.4 Wh | Khối lượng: 1.86 kg",21.490.000,https://cdn.tgdd.vn/Products/Images/44/308697/msi-gaming-gf63-thin-12ve-i5-460vn-thumb-600x600.png
Máy tính xách tay,Msi,MSI Modern 15 B7M R5 7530U (231VN),"Màn hình: 15.6"", Full HD/Full HD+ | CPU: Ryzen 5, 7530U, 2GHz | Card: Radeon | Pin: 3-Cell, 39.3 Wh | Khối lượng: 1.75 kg",12.990.000,https://cdn.tgdd.vn/Products/Images/44/307649/msi-modern-15-b7m-r5-231vn-070723-062809-600x600.jpg
Máy tính xách tay,Msi,MSI Gaming GF63 Thin 11UC i7 11800H (1228VN),"Màn hình: 15.6"", Full HD/Full HD+, 144Hz | CPU: i7, 11800H, 2.30 GHz | Card: RTX 3050 Max-Q, 4GB | Pin: 3-cell Li-ion, 52.4 Wh | Khối lượng: 1.86 kg",17.990.000,https://cdn.tgdd.vn/Products/Images/44/306133/msi-gaming-gf63-thin-11uc-i7-1228vn-thumb-600x600.jpg
Máy tính xách tay,Msi,MSI Gaming GF63 12UCX i5 12450H (841VN),"Màn hình: 15.6"", Full HD/Full HD+, 144Hz | CPU: i5, 12450H, 2GHz | Card: RTX 2050 4GB | Pin: 3-cell Li-ion, 52.4 Wh | Khối lượng: 1.86 kg",15.990.000,https://cdn.tgdd.vn/Products/Images/44/313179/msi-gaming-gf63-12ucx-i5-841vn-thumb-1-600x600.jpg
Máy tính xách tay,Msi,MSI Gaming GF63 Thin 11UC i5 11400H (1230VN),"Màn hình: 15.6"", Full HD, 144Hz | CPU: i5, 11400H, 2.7GHz | Card: RTX 3050 Max-Q, 4GB | Pin: 3-cell Li-ion, 52.4 Wh | Khối lượng: 1.86 kg",14.990.000,https://cdn.tgdd.vn/Products/Images/44/303499/msi-gaming-gf63-thin-11uc-i5-1230vn-thumb-600x600.jpg
Máy tính xách tay,Msi,MSI Gaming Sword 16 HX B14VFKG i7 14700HX (045VN),"Màn hình: 16"", 2K, 240Hz | CPU: i7, 14700HX, 2.1GHz | Card: RTX 4060 8GB | Pin: 4-cell, 65Wh | Khối lượng: 2.3 kg",37.990.000,https://cdn.tgdd.vn/Products/Images/44/322100/msi-gaming-sword-16-hx-b14vfkg-i7-045vn-thumb-600x600.jpg
Máy tính xách tay,Msi,MSI Prestige 13 AI Evo A1MG Ultra 7 155H (062VN),"Màn hình: 13.3"", 2K | CPU: Ultra 7, 155H, 1.4GHz | Card: Intel Arc Graphics | Pin: 4-cell Li-ion, 75 Wh | Khối lượng: 0.99 kg",33.990.000,https://cdn.tgdd.vn/Products/Images/44/322959/msi-prestige-13-ai-evo-a1mg-ultra-7-062vn-070424-040052-600x600.jpg
Máy tính xách tay,Msi,MSI Modern 15 B12MO i7 1255U (487VN),"Màn hình: 15.6"", Full HD/Full HD+ | CPU: i7, 1255U, 1.7GHz | Card: Intel Iris Xe | Pin: 3-Cell, 39.3 Wh | Khối lượng: 1.7 kg",15.990.000,https://cdn.tgdd.vn/Products/Images/44/310450/msi-modern-15-b12mo-i7-487vn-thumb-1-600x600.jpg
Máy tính xách tay,Msi,MSI Modern 15 B13M i5 1335U (438VN),"Màn hình: 15.6"", Full HD/Full HD+ | CPU: i5, 1335U, 1.3GHz | Card: Intel Iris Xe | Pin: 3-Cell, 39.3 Wh | Khối lượng: 1.7 kg",13.990.000,https://cdn.tgdd.vn/Products/Images/44/306141/msi-modern-15-b13m-i5-438vn-070723-063309-600x600.jpg
Máy tính xách tay,Msi,MSI Gaming Katana 15 B13VFK i7 13620H (676VN),"Màn hình: 15.6"", Full HD/Full HD+, 144Hz | CPU: i7, 13620H, 2.4GHz | Card: RTX 4060 8GB | Pin: 3-cell, 53.5Wh | Khối lượng: 2.25 kg",29.990.000,https://cdn.tgdd.vn/Products/Images/44/310447/msi-katana-15-b13vfk-i7-676vn-thumb-600x600.jpg
Máy tính xách tay,Msi,MSI Gaming Thin A15 B7UCX R5 7535HS (020VN),"Màn hình: 15.6"", Full HD/Full HD+, 144Hz | CPU: Ryzen 5, 7535HS, 3.3GHz | Card: RTX 2050 4GB | Pin: 3-cell, 53.5Wh | Khối lượng: 1.86 kg",17.990.000,https://cdn.tgdd.vn/Products/Images/44/322097/msi-gaming-thin-a15-b7ucx-r5-020vn-thumb-600x600.jpg
Máy tính xách tay,Msi,MSI Modern 15 B7M R7 7730U (238VN),"Màn hình: 15.6"", Full HD/Full HD+ | CPU: Ryzen 7, 7730U, 2GHz | Card: Radeon | Pin: 3-Cell, 39.3 Wh | Khối lượng: 1.75 kg",14.990.000,https://cdn.tgdd.vn/Products/Images/44/311015/msi-modern-15-b7m-r7-238vn-thumb-600x600.jpg
Máy tính xách tay,Msi,MSI Gaming Stealth 16 AI Studio A1VGG Ultra 9 185H (089VN),"Màn hình: 16"", 2K, 240Hz | CPU: Ultra 9, 185H, 2.30 GHz | Card: RTX 4070 8GB | Pin: 4-cell, 99.9Wh | Khối lượng: 1.99 kg",64.490.000,https://cdn.tgdd.vn/Products/Images/44/322946/msi-gaming-stealth-16-ai-studio-a1vgg-ultra-9-089vn-thumb-600x600.jpg
Đồng hồ thông minh,Apple,Apple Watch SE 2023 GPS 40mm viền nhôm dây thể thao,"Màn hình: OLED | Theo dõi sức khỏe: Đếm số bước chân, Đo nhịp tim, Tính quãng đường chạy | Thông báo ứng dụng: Zalo, Viber, Tin nhắn",5.990.000,https://cdn.tgdd.vn/Products/Images/7077/316007/apple-watch-se-2023-40mm-vien-nhom-day-silicone-xanh-duong-thumb-1-600x600.jpg
Đồng hồ thông minh,Apple,Apple Watch Series 9 GPS 41mm viền nhôm dây thể thao,"Màn hình: OLED, 1.9 inch | Theo dõi sức khỏe: Ước tính ngày rụng trứng, Đếm số bước chân, Đo nồng độ oxy (SpO2) | Thông báo ứng dụng: Zalo, Viber, Tin nhắn",9.390.000,https://cdn.tgdd.vn/Products/Images/7077/314705/apple-watch-s9-41mm-vien-nhom-day-silicone-hong-thumb-2-600x600.jpg
Đồng hồ thông minh,Apple,Apple Watch Ultra 2 GPS + Cellular 49mm viền Titanium dây Ocean,"Màn hình: OLED, 1.92 inch | Theo dõi sức khỏe: Ước tính ngày rụng trứng, Đếm số bước chân, Đo nồng độ oxy (SpO2) | Thông báo ứng dụng: Zalo, Viber, Tin nhắn",20.990.000,https://cdn.tgdd.vn/Products/Images/7077/314710/apple-watch-ultra-lte-49mm-vien-titanium-day-ocean-trang-thumb-4-1-600x600.jpg
Đồng hồ thông minh,Apple,Apple Watch Series 9 GPS 41mm viền nhôm dây vải,"Màn hình: OLED, 1.9 inch | Theo dõi sức khỏe: Ước tính ngày rụng trứng, Đếm số bước chân, Đo nồng độ oxy (SpO2) | Thông báo ứng dụng: Zalo, Viber, Tin nhắn",9.890.000,https://cdn.tgdd.vn/Products/Images/7077/315998/apple-watch-s9-41mm-vien-nhom-day-vai-hong-thumb-1-600x600.jpg
Đồng hồ thông minh,Apple,Apple Watch SE 2023 GPS 40mm viền nhôm dây vải,"Màn hình: OLED | Theo dõi sức khỏe: Đếm số bước chân, Đo nhịp tim, Tính quãng đường chạy | Thông báo ứng dụng: Zalo, Viber, Tin nhắn",6.190.000,https://cdn.tgdd.vn/Products/Images/7077/316008/apple-watch-se-2023-40mm-vien-nhom-day-vai-xanh-thumb-1-600x600.jpg
Đồng hồ thông minh,Apple,Apple Watch Series 9 GPS 45mm viền nhôm dây thể thao,"Màn hình: OLED, 1.9 inch | Theo dõi sức khỏe: Ước tính ngày rụng trứng, Đếm số bước chân, Đo nồng độ oxy (SpO2) | Thông báo ứng dụng: Zalo, Viber, Tin nhắn",10.790.000,https://cdn.tgdd.vn/Products/Images/7077/314708/apple-watch-s9-41mm-vien-nhom-day-silicone-xanh-thumb-2-600x600.jpg
Đồng hồ thông minh,Apple,Apple Watch Series 9 GPS 45mm viền nhôm dây vải,"Màn hình: OLED, 1.9 inch | Theo dõi sức khỏe: Ước tính ngày rụng trứng, Đếm số bước chân, Đo nồng độ oxy (SpO2) | Thông báo ứng dụng: Zalo, Viber, Tin nhắn",10.790.000,https://cdn.tgdd.vn/Products/Images/7077/316001/apple-watch-s9-45mm-vien-nhom-day-vai-xanh-den-thumb-1-600x600.jpg
Đồng hồ thông minh,Apple,Apple Watch SE 2022 GPS + Cellular 44mm viền nhôm dây thể thao,"Màn hình: OLED | Theo dõi sức khỏe: Đếm số bước chân, Đo nhịp tim, Tính quãng đường chạy | Thông báo ứng dụng: Zalo, Viber, Tin nhắn",7.990.000,https://cdn.tgdd.vn/Products/Images/7077/289801/apple-watch-se-2022-lte-44mm-den-xanh-tn-600x600.jpg
Đồng hồ thông minh,Apple,Apple Watch SE 2023 GPS 44mm viền nhôm dây thể thao size S/M,"Màn hình: OLED | Theo dõi sức khỏe: Đếm số bước chân, Đo nhịp tim, Tính quãng đường chạy | Thông báo ứng dụng: Zalo, Viber, Tin nhắn",6.990.000,https://cdn.tgdd.vn/Products/Images/7077/316014/apple-watch-se-2023-44mm-vien-nhom-day-silicone-day-ngan-xanh-den-thumb-1-600x600.jpg
Đồng hồ thông minh,Befit,BeFit Active 2 42mm dây silicone,"Màn hình: IPS, 1.46 inch | Theo dõi sức khỏe: Đếm số bước chân, Đo nhịp tim, Đo huyết áp | Thông báo ứng dụng: Zalo, Tin nhắn, Messenger (Facebook)",1.190.000,https://cdn.tgdd.vn/Products/Images/7077/322836/befit-active-2-hong-tb-600x600.jpg
Đồng hồ thông minh,Befit,BeFit WatchFit 46.7mm dây silicone,"Màn hình: IPS, 1.57 inch | Theo dõi sức khỏe: Đếm số bước chân, Đo nồng độ oxy (SpO2), Đo nhịp tim | Thông báo ứng dụng: Zalo, Tin nhắn, Messenger (Facebook)",710.000,https://cdn.tgdd.vn/Products/Images/7077/306530/befit-watch-fit-hong-tn-600x600.jpg
Đồng hồ thông minh,Befit,BeFit Watch Ultra S 52.1mm dây silicone,"Màn hình: AMOLED, 1.95 inch | Theo dõi sức khỏe: Đo nồng độ oxy (SpO2), Đo nhịp tim, Đo huyết áp | Thông báo ứng dụng: Zalo, Tin nhắn, Messenger (Facebook)",1.190.000,https://cdn.tgdd.vn/Products/Images/7077/315598/befit-watch-ultra-s-day-silicone-tb-600x600.jpg
Đồng hồ thông minh,Befit,BeFit B3s 44mm dây silicone,"Màn hình: IPS, 1.69 inch | Theo dõi sức khỏe: Đo nồng độ oxy (SpO2), Đo nhịp tim, Đo huyết áp | Thông báo ứng dụng: Zalo, Viber, Tin nhắn",790.000,https://cdn.tgdd.vn/Products/Images/7077/318519/befit-b3s-vang-thumb-1-600x600.jpg
Đồng hồ thông minh,Befit,BeFit WatchS 45mm dây silicone,"Màn hình: AMOLED, 1.78 inch | Theo dõi sức khỏe: Đếm số bước chân, Đo nhịp tim, Đo huyết áp | Thông báo ứng dụng: Tin nhắn, Messenger (Facebook), Line",1.190.000,https://cdn.tgdd.vn/Products/Images/7077/313840/befit-watch-s-day-silicone-hong-tn-600x600.jpg
Đồng hồ thông minh,Befit,BeFit Sporty 2 Pro 44.8mm dây da,"Màn hình: AMOLED, 1.3 inch | Theo dõi sức khỏe: Đếm số bước chân, Đo nồng độ oxy (SpO2), Đo nhịp tim | Thông báo ứng dụng: Zalo, Viber, Tin nhắn",990.000,https://cdn.tgdd.vn/Products/Images/7077/296858/befit-sporty-2-pro-den-tn-600x600.jpg
Đồng hồ thông minh,Befit,BeFit Hunter2 47.8mm dây silicone,"Màn hình: IPS, 1.46 inch | Theo dõi sức khỏe: Đếm số bước chân, Đo nồng độ oxy (SpO2), Đo nhịp tim | Thông báo ứng dụng: Zalo, Tin nhắn, Messenger (Facebook)",1.490.000,https://cdn.tgdd.vn/Products/Images/7077/325619/befit-hunter2-day-silicone-den-tb-600x600.jpg
Đồng hồ thông minh,Befit,BeFit WatchS 45mm dây nam châm,"Màn hình: AMOLED, 1.78 inch | Theo dõi sức khỏe: Đếm số bước chân, Đo nhịp tim, Đo huyết áp | Thông báo ứng dụng: Tin nhắn, Messenger (Facebook), Line",1.430.000,https://cdn.tgdd.vn/Products/Images/7077/312907/befit-watch-s-day-nam-cham-trang-hong-thumb-10-600x600.jpg
Đồng hồ thông minh,Befit,BeFit Watch Ultra 52.6mm dây silicone,"Màn hình: AMOLED, 1.95 inch | Theo dõi sức khỏe: Đo nồng độ oxy (SpO2), Đo nhịp tim, Đo huyết áp | Thông báo ứng dụng: Zalo, Tin nhắn, Messenger (Facebook)",1.190.000,https://cdn.tgdd.vn/Products/Images/7077/315596/befit-watch-ultra-day-silicone-tb-600x600.jpg
Đồng hồ thông minh,Befit,BeFit Sporty 2 44.5mm dây da,"Màn hình: IPS, 1.32 inch | Theo dõi sức khỏe: Đếm số bước chân, Đo nồng độ oxy (SpO2), Đo nhịp tim | Thông báo ứng dụng: Viber, Tin nhắn, Messenger (Facebook)",790.000,https://cdn.tgdd.vn/Products/Images/7077/302216/befit-sporty-2-day-da-thumb-new-600x600.jpg
Đồng hồ thông minh,Befit,BeFit Hunter1 48mm dây silicone,"Màn hình: AMOLED, 1.43 inch | Theo dõi sức khỏe: Đếm số bước chân, Đo nhịp tim, Theo dõi nhịp thở | Thông báo ứng dụng: Zalo, Tin nhắn, Messenger (Facebook)",1.190.000,https://cdn.tgdd.vn/Products/Images/7077/319566/dong-ho-thong-minh-befit-hunter1-48mm-den-tb-1-600x600.jpg
Đồng hồ thông minh,Befit,BeFit B4 44mm dây silicone,"Màn hình: TFT, 1.69 inch | Theo dõi sức khỏe: Đếm số bước chân, Đo nồng độ oxy (SpO2), Đo huyết áp | Thông báo ứng dụng: Tin nhắn, Messenger (Facebook), Line",490.000,https://cdn.tgdd.vn/Products/Images/7077/282959/dong-ho-befit-b4-thumbnn-600x600.jpg
Đồng hồ thông minh,Befit,BeFit B3 44mm dây silicone,"Màn hình: TFT, 1.69 inch | Theo dõi sức khỏe: Đo nồng độ oxy (SpO2), Đo nhịp tim, Đo huyết áp | Thông báo ứng dụng: Zalo, Viber, Tin nhắn",300.000,https://cdn.tgdd.vn/Products/Images/7077/279257/dong-ho-befit-b3-vang-thumb-600x600.jpg
Đồng hồ thông minh,Xiaomi,Xiaomi Mi Band 8 Pro dây TPU,"Màn hình: AMOLED, 1.74 inch | Theo dõi sức khỏe: Đếm số bước chân, Đo nồng độ oxy (SpO2), Đo nhịp tim | Thông báo ứng dụng: Zalo, Tin nhắn, Messenger (Facebook)",1.590.000,https://cdn.tgdd.vn/Products/Images/7077/321816/mi-band-8-pro-den-tn2-1-600x600.jpg
Đồng hồ thông minh,Xiaomi,Xiaomi Watch 2 47.8mm dây silicone,"Màn hình: AMOLED, 1.43 inch | Theo dõi sức khỏe: Đếm số bước chân, Đo nồng độ oxy (SpO2), Đo nhịp tim | Thông báo ứng dụng: Zalo, Viber, Tin nhắn",4.490.000,https://cdn.tgdd.vn/Products/Images/7077/321818/xiaomi-watch-2-den-tn-1-600x600.jpg
Đồng hồ thông minh,Xiaomi,Xiaomi Watch S3 47mm dây silicone,"Màn hình: AMOLED, 1.43 inch | Theo dõi sức khỏe: Đếm số bước chân, Đo nồng độ oxy (SpO2), Đo nhịp tim | Thông báo ứng dụng: Zalo, Viber, Tin nhắn",3.390.000,https://cdn.tgdd.vn/Products/Images/7077/321817/xiaomi-watch-s-3-den-tn-600x600.jpg
Đồng hồ thông minh,Xiaomi,Xiaomi Redmi Watch 4 47.5mm dây silicone,"Màn hình: AMOLED, 1.97 inch | Theo dõi sức khỏe: Đếm số bước chân, Đo nồng độ oxy (SpO2), Đo nhịp tim | Thông báo ứng dụng: Zalo, Tin nhắn, Messenger (Facebook)",2.390.000,https://cdn.tgdd.vn/Products/Images/7077/320842/dong-ho-thong-minh-xiaomi-redmi-watch-4-47-5mm-day-silicone-090124-114101-1-600x600.jpg
Đồng hồ thông minh,Xiaomi,Xiaomi Mi Band 8 dây TPU,"Màn hình: AMOLED, 1.62 inch | Theo dõi sức khỏe: Đếm số bước chân, Đo nồng độ oxy (SpO2), Đo nhịp tim | Thông báo ứng dụng: Zalo, Viber, Tin nhắn",690.000,https://cdn.tgdd.vn/Products/Images/7077/315755/mi-band-8-thumb-trang-30-600x600.jpg
Đồng hồ thông minh,Xiaomi,Xiaomi Redmi Watch 3 42.6mm dây silicone,"Màn hình: AMOLED, 1.75 inch | Theo dõi sức khỏe: Đếm số bước chân, Đo nồng độ oxy (SpO2), Đo nhịp tim | Thông báo ứng dụng: Tin nhắn, Messenger (Facebook), Cuộc gọi",1.990.000,https://cdn.tgdd.vn/Products/Images/7077/304166/redmi-watch-3-trang-tn-1-600x600.jpg
Đồng hồ thông minh,Xiaomi,Xiaomi Mi Band 7 Pro dây TPU,"Màn hình: AMOLED, 1.64 inch | Theo dõi sức khỏe: Đếm số bước chân, Tính quãng đường chạy, Tính lượng calories tiêu thụ | Thông báo ứng dụng: Zalo, Tin nhắn, Messenger (Facebook)",1.090.000,https://cdn.tgdd.vn/Products/Images/7077/290757/mi-band-7-pro-trang-thumb-1-600x600.jpg
Đồng hồ thông minh,Xiaomi,Xiaomi Redmi Watch 3 Active 46mm dây silicone,"Màn hình: LCD, 1.83 inch | Theo dõi sức khỏe: Đếm số bước chân, Đo nồng độ oxy (SpO2), Theo dõi nhịp tim 24h | Thông báo ứng dụng: Zalo, Tin nhắn, Messenger (Facebook)",1.090.000,https://cdn.tgdd.vn/Products/Images/7077/311333/redmi-watch-3-active-thumb-den-10-600x600.jpg
Đồng hồ thông minh,Xiaomi,Xiaomi Watch 2 Pro 46 mm dây silicone,"Màn hình: AMOLED, 1.43 inch | Theo dõi sức khỏe: Đếm số bước chân, Đo độ mặn của xương, Đo tỷ lệ trao đổi chất cơ bản | Thông báo ứng dụng: Zalo, Viber, Tin nhắn",5.790.000,https://cdn.tgdd.vn/Products/Images/7077/316986/xiaomi-watch-2-pro-tn-1-600x600.jpg
Đồng hồ thông minh,Xiaomi,Xiaomi Mi Band 8 Active dây TPU,"Màn hình: TFT, 1.47 inch | Theo dõi sức khỏe: Đếm số bước chân, Đo nồng độ oxy (SpO2), Đo nhịp tim | Thông báo ứng dụng: Zalo, Tin nhắn, Messenger (Facebook)",550.000,https://cdn.tgdd.vn/Products/Images/7077/315745/mi-band-8-active-hong-tb-2-600x600.jpg
Đồng hồ thông minh,Garmin,Garmin Forerunner 165 43mm dây silicone,"Màn hình: AMOLED, 1.2 inch | Theo dõi sức khỏe: Đếm số bước chân, Đo nhịp tim, Đo lượng tiêu thụ oxy tối đa (VO2 Max) | Thông báo ứng dụng: Zalo, WhatsApp, Tin nhắn",6.690.000,https://cdn.tgdd.vn/Products/Images/7077/322848/garmin-forerunner-165-den-tb-600x600.jpg
Đồng hồ thông minh,Garmin,Garmin Forerunner 165 Music 43mm dây silicone,"Màn hình: AMOLED, 1.2 inch | Theo dõi sức khỏe: Đếm số bước chân, Đo nhịp tim, Đo lượng tiêu thụ oxy tối đa (VO2 Max) | Thông báo ứng dụng: Zalo, WhatsApp, Tin nhắn",7.990.000,https://cdn.tgdd.vn/Products/Images/7077/322847/garmin-forerunner-165-music-tim-tb-600x600.jpg
Đồng hồ thông minh,Garmin,Garmin Lily 2 Classic 34mm dây da,"Màn hình: LCD, 1.00 x 0.84 inch | Theo dõi sức khỏe: Đề xuất thời gian nghỉ ngơi, Đếm số bước chân, Đo nồng độ oxy (SpO2) | Thông báo ứng dụng: Zalo, WhatsApp, Nội dung tin nhắn",8.490.000,https://cdn.tgdd.vn/Products/Images/7077/322846/garmin-lily-2-classic-day-da-den-tim-tb-600x600.jpg
Đồng hồ thông minh,Garmin,Garmin Lily 2 Classic 34mm dây vải,"Màn hình: LCD, 1.00 x 0.84 inch | Theo dõi sức khỏe: Đề xuất thời gian nghỉ ngơi, Đếm số bước chân, Đo nồng độ oxy (SpO2) | Thông báo ứng dụng: Zalo, WhatsApp, Nội dung tin nhắn",7.990.000,https://cdn.tgdd.vn/Products/Images/7077/322845/garmin-lily-2-classic-day-vai-nau-tb-600x600.jpg
Đồng hồ thông minh,Garmin,Garmin Lily 2 34mm dây silicone,"Màn hình: LCD, 1.00 x 0.84 inch | Theo dõi sức khỏe: Đề xuất thời gian nghỉ ngơi, Đếm số bước chân, Đo nồng độ oxy (SpO2) | Thông báo ứng dụng: Zalo, WhatsApp, Nội dung tin nhắn",6.990.000,https://cdn.tgdd.vn/Products/Images/7077/322839/garmin-lily-2-tim-tb-600x600.jpg
Đồng hồ thông minh,Garmin,Garmin Forerunner 55 42mm dây silicone,"Màn hình: MIP, 1.04 inch | Theo dõi sức khỏe: Đề xuất thời gian nghỉ ngơi, Đếm số bước chân, Đo nhịp tim | Chế độ luyện tập: Đạp xe, Đi bộ, Yoga | Thông báo ứng dụng: Zalo, Viber, Nội dung tin nhắn",4.500.000,https://cdn.tgdd.vn/Products/Images/7077/244296/garmin-forerunner-55-day-silicone-xam-tn-600x600.jpg
Đồng hồ thông minh,Garmin,Garmin Vivoactive 5 42.2mm dây silicone,"Màn hình: AMOLED, 1.2 inch | Theo dõi sức khỏe: Đề xuất thời gian nghỉ ngơi, Đếm số bước chân, Đánh giá chỉ số trẻ hóa của cơ thể (Fitness Age) | Thông báo ứng dụng: Zalo, Viber, Tin nhắn",7.870.000,https://cdn.tgdd.vn/Products/Images/7077/315897/garmin-vivoactive-5-day-silicone-4-600x600.jpg
Đồng hồ thông minh,Garmin,Garmin Venu SQ 2 Music 40.6mm dây silicone,"Màn hình: AMOLED, 1.41 inch | Theo dõi sức khỏe: Đếm số bước chân, Đo nồng độ oxy (SpO2), Đo nhịp tim | Chế độ luyện tập: Đạp xe, Đi bộ, Yoga | Thông báo ứng dụng: Zalo, Viber, Nội dung tin nhắn",7.300.000,https://cdn.tgdd.vn/Products/Images/7077/289984/garmin-venu-sq-2-music-kem-tn-2-600x600.jpg
Đồng hồ thông minh,Garmin,Garmin Epix Pro Gen 2 Titanium 47mm dây silicone,"Màn hình: AMOLED, 1.3 inch | Theo dõi sức khỏe: Đề xuất thời gian nghỉ ngơi, Đếm số bước chân, Đánh giá chỉ số trẻ hóa của cơ thể (Fitness Age) | Thông báo ứng dụng: Viber, Tin nhắn, Messenger (Facebook)",24.690.000,https://cdn.tgdd.vn/Products/Images/7077/308485/garmin-epix-pro-gen-2-tb-fix-1-600x600.jpg
Đồng hồ thông minh,Garmin,Garmin Fenix 7X Pro Solar Titanium 51mm dây silicone,"Màn hình: MIP, 1.4 inch | Theo dõi sức khỏe: Đề xuất thời gian nghỉ ngơi, Đếm số bước chân, Đánh giá chỉ số trẻ hóa của cơ thể (Fitness Age) | Chế độ luyện tập: Đạp xe, Đi bộ đường dài, Đi bộ | Thông báo ứng dụng: Viber, Tin nhắn, Messenger (Facebook)",24.690.000,https://cdn.tgdd.vn/Products/Images/7077/308517/garmin-fenix-7x-pro-solar-titanium-xam-tb-1-600x600.jpg
Đồng hồ thông minh,Garmin,Garmin Fenix 7 Pro Solar Titanium 47 mm dây silicone,"Màn hình: MIP, 1.3 inch | Theo dõi sức khỏe: Đề xuất thời gian nghỉ ngơi, Đếm số bước chân, Đánh giá chỉ số trẻ hóa của cơ thể (Fitness Age) | Chế độ luyện tập: Đạp xe, Đi bộ đường dài, Đi bộ | Thông báo ứng dụng: Viber, Tin nhắn, Messenger (Facebook)",22.310.000,https://cdn.tgdd.vn/Products/Images/7077/308516/garmin-fenix-7-pro-solar-titanium-tb-1-600x600.jpg
Đồng hồ thông minh,Garmin,Garmin Fenix 7X Solar Titanium 51mm dây silicone,"Màn hình: MIP, 1.4 inch | Theo dõi sức khỏe: Đếm số bước chân, Đo nồng độ oxy (SpO2), Đo lượng tiêu thụ oxy tối đa (VO2 Max) | Chế độ luyện tập: Đạp xe, Đi bộ đường dài, Đi bộ | Thông báo ứng dụng: Viber, Tin nhắn, Messenger (Facebook)",17.990.000,https://cdn.tgdd.vn/Products/Images/7077/283716/garmin-fenix-7x-solar-titanium-xam-tn-2-600x600.jpg
Đồng hồ thông minh,Garmin,Garmin Golf Approach S70 47mm dây silicone,"Màn hình: AMOLED, 1.4 inch | Theo dõi sức khỏe: Đếm số bước chân, Đo nồng độ oxy (SpO2), Đo nhịp tim | Chế độ luyện tập: Đạp xe, Trượt tuyết, Golf | Thông báo ứng dụng: Zalo, Viber, Nội dung tin nhắn",17.370.000,https://cdn.tgdd.vn/Products/Images/7077/308291/garmin-golf-approach-s70-day-silicone-tb-1-600x600.jpg
Đồng hồ thông minh,Garmin,Garmin Forerunner 965 47.2mm dây silicone,"Màn hình: AMOLED, 1.4 inch | Theo dõi sức khỏe: Đếm số bước chân, Đánh giá chỉ số trẻ hóa của cơ thể (Fitness Age), Đo nồng độ oxy (SpO2) | Thông báo ứng dụng: Zalo, Tin nhắn, Messenger (Facebook)",15.660.000,https://cdn.tgdd.vn/Products/Images/7077/305881/garmin-forerunner-965-vang-thumb-600x600.jpg
Đồng hồ thông minh,Garmin,Garmin Venu 3 45mm dây silicone,"Màn hình: AMOLED, 1.4 inch | Theo dõi sức khỏe: Đề xuất thời gian nghỉ ngơi, Đếm số bước chân, Đo nồng độ oxy (SpO2) | Thông báo ứng dụng: Zalo, Nội dung tin nhắn, Messenger (Facebook)",11.670.000,https://cdn.tgdd.vn/Products/Images/7077/313828/garmin-venu-3-day-silicone-trang-tn-600x600.jpg
Đồng hồ thông minh,Garmin,Garmin Venu 3S 41mm dây silicone,"Màn hình: AMOLED, 1.2 inch | Theo dõi sức khỏe: Đề xuất thời gian nghỉ ngơi, Đếm số bước chân, Đo nồng độ oxy (SpO2) | Thông báo ứng dụng: Zalo, Nội dung tin nhắn, Messenger (Facebook)",11.670.000,https://cdn.tgdd.vn/Products/Images/7077/313829/garmin-venu-3s-day-silicone-hong-tn-1-2-600x600.jpg
Đồng hồ thông minh,Garmin,Garmin Forerunner 265 Music 46.1mm dây silicone,"Màn hình: AMOLED, 1.3 inch | Theo dõi sức khỏe: Đếm số bước chân, Đánh giá chỉ số trẻ hóa của cơ thể (Fitness Age), Đo nồng độ oxy (SpO2) | Chế độ luyện tập: Đạp xe, Đi bộ đường dài, Đi bộ | Thông báo ứng dụng: Zalo, Tin nhắn, Messenger (Facebook)",11.100.000,https://cdn.tgdd.vn/Products/Images/7077/305882/garmin-forerunner-265-trang-tn-2-600x600.jpg
Đồng hồ thông minh,Garmin,Garmin Forerunner 265S 41.7mm dây silicone,"Màn hình: AMOLED, 1.1 inch | Theo dõi sức khỏe: Đề xuất thời gian nghỉ ngơi, Đếm số bước chân, Đo nồng độ oxy (SpO2) | Chế độ luyện tập: Đạp xe, Yoga, Leo núi | Thông báo ứng dụng: Zalo, Viber, Nội dung tin nhắn",11.100.000,https://cdn.tgdd.vn/Products/Images/7077/310710/garmin-forerunner-265s-den-day-silicone-tb-600x600.jpg
Đồng hồ thông minh,Garmin,Garmin Venu 2 45.4mm dây silicone,"Màn hình: AMOLED, 1.3 inch | Theo dõi sức khỏe: Đếm số bước chân, Đo nồng độ oxy (SpO2), Đo nhịp tim | Chế độ luyện tập: Đạp xe, Đi bộ, Yoga | Thông báo ứng dụng: Zalo, Viber, Nội dung tin nhắn",7.470.000,https://cdn.tgdd.vn/Products/Images/7077/241947/venu-2-day-silicone-den-tn-1-600x600.jpg
Đồng hồ thông minh,Garmin,Garmin Venu SQ 2 40.6mm dây silicone,"Màn hình: AMOLED, 1.41 inch | Theo dõi sức khỏe: Đếm số bước chân, Đo nồng độ oxy (SpO2), Đo nhịp tim | Chế độ luyện tập: Đạp xe, Đi bộ, Yoga | Thông báo ứng dụng: Zalo, Viber, Nội dung tin nhắn",6.160.000,https://cdn.tgdd.vn/Products/Images/7077/287372/garmin-venu-sq-2-xanh-tn-2-600x600.jpg
Đồng hồ thông minh,Huawei,Huawei Watch GT 4 41mm dây da,"Màn hình: AMOLED, 1.32 inch | Theo dõi sức khỏe: Đếm số bước chân, Đo nồng độ oxy (SpO2), Đo nhịp tim | Thông báo ứng dụng: Zalo, Tin nhắn, Messenger (Facebook)",4.990.000,https://cdn.tgdd.vn/Products/Images/7077/324077/huawei-watch-gt4-41-day-da-tb-1-600x600.jpg
Đồng hồ thông minh,Huawei,Huawei Watch GT 4 46mm dây da,"Màn hình: AMOLED, 1.43 inch | Theo dõi sức khỏe: Đếm số bước chân, Đo nồng độ oxy (SpO2), Đo nhịp tim | Thông báo ứng dụng: Zalo, Tin nhắn, Messenger (Facebook)",4.990.000,https://cdn.tgdd.vn/Products/Images/7077/324078/huawei-watch-gt4-46-day-da-tb-1-600x600.jpg
Đồng hồ thông minh,Huawei,Huawei Watch GT 4 46mm dây Hybrid Woven,"Màn hình: AMOLED, 1.43 inch | Theo dõi sức khỏe: Đếm số bước chân, Đo nồng độ oxy (SpO2), Đo nhịp tim | Thông báo ứng dụng: Zalo, Tin nhắn, Messenger (Facebook)",4.990.000,https://cdn.tgdd.vn/Products/Images/7077/324079/huawei-watch-gt4-46-day-woven-tb-1-600x600.jpg
Đồng hồ thông minh,Huawei,Huawei Watch GT 4 46mm dây cao su,"Màn hình: AMOLED, 1.43 inch | Theo dõi sức khỏe: Đếm số bước chân, Đo nồng độ oxy (SpO2), Đo nhịp tim | Thông báo ứng dụng: Zalo, Tin nhắn, Messenger (Facebook)",4.490.000,https://cdn.tgdd.vn/Products/Images/7077/324080/huawei-watch-gt4-46-day-cao-su-tb-1-600x600.jpg
Đồng hồ thông minh,Huawei,Huawei Watch Fit 3 43.2mm dây silicone,"Màn hình: AMOLED, 1.82 inch | Theo dõi sức khỏe: Đếm số bước chân, Đo nồng độ oxy (SpO2), Đo nhịp tim | Thông báo ứng dụng: Zalo, Viber, Tin nhắn",2.790.000,https://cdn.tgdd.vn/Products/Images/7077/325375/huawei-watch-fit-3-pink-tn-600x600.jpg
Đồng hồ thông minh,Huawei,Huawei Band 9 dây cao su,"Màn hình: AMOLED, 1.47 inch | Theo dõi sức khỏe: Đếm số bước chân, Đo nồng độ oxy (SpO2), Đo nhịp tim | Thông báo ứng dụng: Zalo, Tin nhắn, Messenger (Facebook)",890.000,https://cdn.tgdd.vn/Products/Images/7077/324733/huawei-band-9-thumb-den-1-600x600.jpg
Đồng hồ thông minh,Samsung,Samsung Galaxy Watch5 40mm dây silicone,"Màn hình: SUPER AMOLED, 1.2 inch | Theo dõi sức khỏe: Đếm số bước chân, Đo nồng độ oxy (SpO2), Đo nhịp tim | Thông báo ứng dụng: Tin nhắn, Cuộc gọi",4.790.000,https://cdn.tgdd.vn/Products/Images/7077/284932/samsung-galaxy-watch5-tn-600x600.jpg
Đồng hồ thông minh,Samsung,Samsung Galaxy Fit3 dây silicone,"Màn hình: AMOLED, 1.6 inch | Theo dõi sức khỏe: Đếm số bước chân, Đo nồng độ oxy (SpO2), Đo nhịp tim | Thông báo ứng dụng: Zalo, WhatsApp, Viber",1.190.000,https://cdn.tgdd.vn/Products/Images/7077/321616/samsung-galaxy-fit3-den-xam-thumb-1-600x600.jpg
Đồng hồ thông minh,Samsung,Samsung Galaxy Watch5 Pro LTE 45mm dây silicone,"Màn hình: SUPER AMOLED, 1.4 inch | Theo dõi sức khỏe: Đếm số bước chân, Đo nồng độ oxy (SpO2), Đo nhịp tim | Thông báo ứng dụng: Tin nhắn, Cuộc gọi",6.490.000,https://cdn.tgdd.vn/Products/Images/7077/285263/samsung-galaxy-watch5-pro-lte-den-tn-600x600.jpg
Đồng hồ thông minh,Samsung,Samsung Galaxy Watch4 40mm dây silicone,"Màn hình: SUPER AMOLED, 1.2 inch | Theo dõi sức khỏe: Đếm số bước chân, Đo nồng độ oxy (SpO2), Đo nhịp tim | Thông báo ứng dụng: Tin nhắn, Cuộc gọi",2.990.000,https://cdn.tgdd.vn/Products/Images/7077/248752/samsung-galaxy-watch-4-40mm-tn-2-600x600.jpg
Đồng hồ thông minh,Samsung,Samsung Galaxy Watch6 Classic LTE 47mm dây silicone,"Màn hình: SUPER AMOLED, 1.5 inch | Theo dõi sức khỏe: Đếm số bước chân, Đo nồng độ oxy (SpO2), Đo nhịp tim | Thông báo ứng dụng: Zalo, Tin nhắn, Messenger (Facebook)",7.790.000,https://cdn.tgdd.vn/Products/Images/7077/309543/samsung-galaxy-watch6-classic-lte-47-mm-den-ksp-600x600.jpg
Đồng hồ thông minh,Samsung,Samsung Galaxy Watch6 Classic 47mm dây silicone,"Màn hình: SUPER AMOLED, 1.5 inch | Theo dõi sức khỏe: Đếm số bước chân, Đo nồng độ oxy (SpO2), Đo nhịp tim | Thông báo ứng dụng: Zalo, Tin nhắn, Messenger (Facebook)",7.490.000,https://cdn.tgdd.vn/Products/Images/7077/310858/samsung-galaxy-watch6-classic-47-mm-bac-ksp-600x600.jpg
Đồng hồ thông minh,Samsung,Samsung Galaxy Watch6 Classic LTE 43mm dây silicone,"Màn hình: SUPER AMOLED, 1.3 inch | Theo dõi sức khỏe: Đếm số bước chân, Đo nồng độ oxy (SpO2), Đo nhịp tim | Thông báo ứng dụng: Zalo, Tin nhắn, Messenger (Facebook)",7.290.000,https://cdn.tgdd.vn/Products/Images/7077/310861/samsung-galaxy-watch6-classic-lte-43-mm-den-ksp-600x600.jpg
Đồng hồ thông minh,Samsung,Samsung Galaxy Watch6 Classic 43mm dây silicone,"Màn hình: SUPER AMOLED, 1.3 inch | Theo dõi sức khỏe: Đếm số bước chân, Đo nồng độ oxy (SpO2), Đo nhịp tim | Thông báo ứng dụng: Zalo, Tin nhắn, Messenger (Facebook)",6.990.000,https://cdn.tgdd.vn/Products/Images/7077/310856/samsung-galaxy-watch6-classic-43-mm-bac-ksp-600x600.jpg
Đồng hồ thông minh,Samsung,Samsung Galaxy Watch5 Pro 45mm dây silicone,"Màn hình: SUPER AMOLED, 1.4 inch | Theo dõi sức khỏe: Đếm số bước chân, Đo nồng độ oxy (SpO2), Đo nhịp tim | Thông báo ứng dụng: Tin nhắn, Cuộc gọi",5.990.000,https://cdn.tgdd.vn/Products/Images/7077/284933/samsung-galaxy-watch5-pro-xam-tn-600x600.jpg
Đồng hồ thông minh,Samsung,Samsung Galaxy Watch6 LTE 40mm dây silicone,"Màn hình: SUPER AMOLED, 1.3 inch | Theo dõi sức khỏe: Đếm số bước chân, Đo nồng độ oxy (SpO2), Đo nhịp tim | Thông báo ứng dụng: Zalo, Tin nhắn, Messenger (Facebook)",5.790.000,https://cdn.tgdd.vn/Products/Images/7077/310851/samsung-galaxy-watch6-40mm-lte-den-ksp-600x600.jpg
Đồng hồ thông minh,Samsung,Samsung Galaxy Watch6 40mm dây silicone,"Màn hình: SUPER AMOLED, 1.3 inch | Theo dõi sức khỏe: Đếm số bước chân, Đo nồng độ oxy (SpO2), Đo nhịp tim | Thông báo ứng dụng: Zalo, Tin nhắn, Messenger (Facebook)",5.490.000,https://cdn.tgdd.vn/Products/Images/7077/310849/samsung-galaxy-watch6-40mm-vang-ksp-600x600.jpg
Đồng hồ thông minh,Samsung,Samsung Galaxy Watch6 LTE 44mm dây silicone,"Màn hình: SUPER AMOLED, 1.5 inch | Theo dõi sức khỏe: Đếm số bước chân, Đo nồng độ oxy (SpO2), Đo nhịp tim | Thông báo ứng dụng: Zalo, Tin nhắn, Messenger (Facebook)",4.890.000,https://cdn.tgdd.vn/Products/Images/7077/309542/samsung-galaxy-watch6-44mm-lte-den-ksp-600x600.jpg
Đồng hồ thông minh,Samsung,Samsung Galaxy Watch6 44mm dây silicone,"Màn hình: SUPER AMOLED, 1.5 inch | Theo dõi sức khỏe: Đếm số bước chân, Đo nồng độ oxy (SpO2), Đo nhịp tim | Thông báo ứng dụng: Zalo, Tin nhắn, Messenger (Facebook)",4.390.000,https://cdn.tgdd.vn/Products/Images/7077/310850/samsung-galaxy-watch6-44mm-bac-ksp-600x600.jpg